Año;Ramas de actividad;Tamaño de la empresa;Tipo de indicador;Total
2017;TOTAL EMPRESAS;Menos de 250 empleados;Gastos totales (miles de euros);5083620
2017;TOTAL EMPRESAS;250 y más empleados;Gastos totales (miles de euros);9737834
2017;TOTAL EMPRESAS;Total;Gastos totales (miles de euros);14821454
2017;TOTAL EMPRESAS;Menos de 250 empleados;I+D interna;62.54
2017;TOTAL EMPRESAS;250 y más empleados;I+D interna;43.13
2017;TOTAL EMPRESAS;Total;I+D interna;49.78
2017;TOTAL EMPRESAS;Menos de 250 empleados;Adquisición de  I+D (I+D externa);10.64
2017;TOTAL EMPRESAS;250 y más empleados;Adquisición de  I+D (I+D externa);17.43
2017;TOTAL EMPRESAS;Total;Adquisición de  I+D (I+D externa);15.1
2017;TOTAL EMPRESAS;Menos de 250 empleados;Adquisición de maquinaria, equipos y hardware o software avanzados y edificios;17.19
2017;TOTAL EMPRESAS;250 y más empleados;Adquisición de maquinaria, equipos y hardware o software avanzados y edificios;22.56
2017;TOTAL EMPRESAS;Total;Adquisición de maquinaria, equipos y hardware o software avanzados y edificios;20.72
2017;TOTAL EMPRESAS;Menos de 250 empleados;Adquisición de otros conocimientos externos para innovación;1.42
2017;TOTAL EMPRESAS;250 y más empleados;Adquisición de otros conocimientos externos para innovación;7.15
2017;TOTAL EMPRESAS;Total;Adquisición de otros conocimientos externos para innovación;5.18
2017;TOTAL EMPRESAS;Menos de 250 empleados;Formación para actividades de innovación;0.69
2017;TOTAL EMPRESAS;250 y más empleados;Formación para actividades de innovación;0.4
2017;TOTAL EMPRESAS;Total;Formación para actividades de innovación;0.5
2017;TOTAL EMPRESAS;Menos de 250 empleados;Introducción de innovaciones en el mercado;2.96
2017;TOTAL EMPRESAS;250 y más empleados;Introducción de innovaciones en el mercado;3.1
2017;TOTAL EMPRESAS;Total;Introducción de innovaciones en el mercado;3.05
2017;TOTAL EMPRESAS;Menos de 250 empleados;Diseño, otros preparativos para producción y/o distribución;4.57
2017;TOTAL EMPRESAS;250 y más empleados;Diseño, otros preparativos para producción y/o distribución;6.23
2017;TOTAL EMPRESAS;Total;Diseño, otros preparativos para producción y/o distribución;5.66
2017;TOTAL INDUSTRIA;Menos de 250 empleados;Gastos totales (miles de euros);2064611
2017;TOTAL INDUSTRIA;250 y más empleados;Gastos totales (miles de euros);5455836
2017;TOTAL INDUSTRIA;Total;Gastos totales (miles de euros);7520448
2017;TOTAL INDUSTRIA;Menos de 250 empleados;I+D interna;56.17
2017;TOTAL INDUSTRIA;250 y más empleados;I+D interna;46.54
2017;TOTAL INDUSTRIA;Total;I+D interna;49.18
2017;TOTAL INDUSTRIA;Menos de 250 empleados;Adquisición de  I+D (I+D externa);9.79
2017;TOTAL INDUSTRIA;250 y más empleados;Adquisición de  I+D (I+D externa);21.91
2017;TOTAL INDUSTRIA;Total;Adquisición de  I+D (I+D externa);18.58
2017;TOTAL INDUSTRIA;Menos de 250 empleados;Adquisición de maquinaria, equipos y hardware o software avanzados y edificios;26.06
2017;TOTAL INDUSTRIA;250 y más empleados;Adquisición de maquinaria, equipos y hardware o software avanzados y edificios;20.39
2017;TOTAL INDUSTRIA;Total;Adquisición de maquinaria, equipos y hardware o software avanzados y edificios;21.95
2017;TOTAL INDUSTRIA;Menos de 250 empleados;Adquisición de otros conocimientos externos para innovación;0.71
2017;TOTAL INDUSTRIA;250 y más empleados;Adquisición de otros conocimientos externos para innovación;5.45
2017;TOTAL INDUSTRIA;Total;Adquisición de otros conocimientos externos para innovación;4.15
2017;TOTAL INDUSTRIA;Menos de 250 empleados;Formación para actividades de innovación;0.57
2017;TOTAL INDUSTRIA;250 y más empleados;Formación para actividades de innovación;0.17
2017;TOTAL INDUSTRIA;Total;Formación para actividades de innovación;0.28
2017;TOTAL INDUSTRIA;Menos de 250 empleados;Introducción de innovaciones en el mercado;3.31
2017;TOTAL INDUSTRIA;250 y más empleados;Introducción de innovaciones en el mercado;3.23
2017;TOTAL INDUSTRIA;Total;Introducción de innovaciones en el mercado;3.25
2017;TOTAL INDUSTRIA;Menos de 250 empleados;Diseño, otros preparativos para producción y/o distribución;3.4
2017;TOTAL INDUSTRIA;250 y más empleados;Diseño, otros preparativos para producción y/o distribución;2.32
2017;TOTAL INDUSTRIA;Total;Diseño, otros preparativos para producción y/o distribución;2.62
2017;TOTAL SERVICIOS;Menos de 250 empleados;Gastos totales (miles de euros);2869455
2017;TOTAL SERVICIOS;250 y más empleados;Gastos totales (miles de euros);4151308
2017;TOTAL SERVICIOS;Total;Gastos totales (miles de euros);7020763
2017;TOTAL SERVICIOS;Menos de 250 empleados;I+D interna;66.89
2017;TOTAL SERVICIOS;250 y más empleados;I+D interna;37.55
2017;TOTAL SERVICIOS;Total;I+D interna;49.54
2017;TOTAL SERVICIOS;Menos de 250 empleados;Adquisición de  I+D (I+D externa);11.42
2017;TOTAL SERVICIOS;250 y más empleados;Adquisición de  I+D (I+D externa);11.61
2017;TOTAL SERVICIOS;Total;Adquisición de  I+D (I+D externa);11.53
2017;TOTAL SERVICIOS;Menos de 250 empleados;Adquisición de maquinaria, equipos y hardware o software avanzados y edificios;10.66
2017;TOTAL SERVICIOS;250 y más empleados;Adquisición de maquinaria, equipos y hardware o software avanzados y edificios;26.09
2017;TOTAL SERVICIOS;Total;Adquisición de maquinaria, equipos y hardware o software avanzados y edificios;19.78
2017;TOTAL SERVICIOS;Menos de 250 empleados;Adquisición de otros conocimientos externos para innovación;1.95
2017;TOTAL SERVICIOS;250 y más empleados;Adquisición de otros conocimientos externos para innovación;9.61
2017;TOTAL SERVICIOS;Total;Adquisición de otros conocimientos externos para innovación;6.48
2017;TOTAL SERVICIOS;Menos de 250 empleados;Formación para actividades de innovación;0.75
2017;TOTAL SERVICIOS;250 y más empleados;Formación para actividades de innovación;0.71
2017;TOTAL SERVICIOS;Total;Formación para actividades de innovación;0.73
2017;TOTAL SERVICIOS;Menos de 250 empleados;Introducción de innovaciones en el mercado;2.79
2017;TOTAL SERVICIOS;250 y más empleados;Introducción de innovaciones en el mercado;2.91
2017;TOTAL SERVICIOS;Total;Introducción de innovaciones en el mercado;2.86
2017;TOTAL SERVICIOS;Menos de 250 empleados;Diseño, otros preparativos para producción y/o distribución;5.54
2017;TOTAL SERVICIOS;250 y más empleados;Diseño, otros preparativos para producción y/o distribución;11.52
2017;TOTAL SERVICIOS;Total;Diseño, otros preparativos para producción y/o distribución;9.07
2016;TOTAL EMPRESAS;Menos de 250 empleados;Gastos totales (miles de euros);4583996
2016;TOTAL EMPRESAS;250 y más empleados;Gastos totales (miles de euros);9273485
2016;TOTAL EMPRESAS;Total;Gastos totales (miles de euros);13857481
2016;TOTAL EMPRESAS;Menos de 250 empleados;I+D interna;63.85
2016;TOTAL EMPRESAS;250 y más empleados;I+D interna;41.35
2016;TOTAL EMPRESAS;Total;I+D interna;48.8
2016;TOTAL EMPRESAS;Menos de 250 empleados;Adquisición de  I+D (I+D externa);10.4
2016;TOTAL EMPRESAS;250 y más empleados;Adquisición de  I+D (I+D externa);17.51
2016;TOTAL EMPRESAS;Total;Adquisición de  I+D (I+D externa);15.16
2016;TOTAL EMPRESAS;Menos de 250 empleados;Adquisición de maquinaria, equipos y hardware o software avanzados y edificios;17.35
2016;TOTAL EMPRESAS;250 y más empleados;Adquisición de maquinaria, equipos y hardware o software avanzados y edificios;24.05
2016;TOTAL EMPRESAS;Total;Adquisición de maquinaria, equipos y hardware o software avanzados y edificios;21.83
2016;TOTAL EMPRESAS;Menos de 250 empleados;Adquisición de otros conocimientos externos para innovación;0.52
2016;TOTAL EMPRESAS;250 y más empleados;Adquisición de otros conocimientos externos para innovación;7.44
2016;TOTAL EMPRESAS;Total;Adquisición de otros conocimientos externos para innovación;5.15
2016;TOTAL EMPRESAS;Menos de 250 empleados;Formación para actividades de innovación;0.72
2016;TOTAL EMPRESAS;250 y más empleados;Formación para actividades de innovación;0.41
2016;TOTAL EMPRESAS;Total;Formación para actividades de innovación;0.51
2016;TOTAL EMPRESAS;Menos de 250 empleados;Introducción de innovaciones en el mercado;3.07
2016;TOTAL EMPRESAS;250 y más empleados;Introducción de innovaciones en el mercado;2.74
2016;TOTAL EMPRESAS;Total;Introducción de innovaciones en el mercado;2.85
2016;TOTAL EMPRESAS;Menos de 250 empleados;Diseño, otros preparativos para producción y/o distribución;4.08
2016;TOTAL EMPRESAS;250 y más empleados;Diseño, otros preparativos para producción y/o distribución;6.5
2016;TOTAL EMPRESAS;Total;Diseño, otros preparativos para producción y/o distribución;5.7
2016;TOTAL INDUSTRIA;Menos de 250 empleados;Gastos totales (miles de euros);1969472
2016;TOTAL INDUSTRIA;250 y más empleados;Gastos totales (miles de euros);4858812
2016;TOTAL INDUSTRIA;Total;Gastos totales (miles de euros);6828284
2016;TOTAL INDUSTRIA;Menos de 250 empleados;I+D interna;55.03
2016;TOTAL INDUSTRIA;250 y más empleados;I+D interna;48.07
2016;TOTAL INDUSTRIA;Total;I+D interna;50.08
2016;TOTAL INDUSTRIA;Menos de 250 empleados;Adquisición de  I+D (I+D externa);12.63
2016;TOTAL INDUSTRIA;250 y más empleados;Adquisición de  I+D (I+D externa);22.26
2016;TOTAL INDUSTRIA;Total;Adquisición de  I+D (I+D externa);19.48
2016;TOTAL INDUSTRIA;Menos de 250 empleados;Adquisición de maquinaria, equipos y hardware o software avanzados y edificios;25.3
2016;TOTAL INDUSTRIA;250 y más empleados;Adquisición de maquinaria, equipos y hardware o software avanzados y edificios;19.16
2016;TOTAL INDUSTRIA;Total;Adquisición de maquinaria, equipos y hardware o software avanzados y edificios;20.93
2016;TOTAL INDUSTRIA;Menos de 250 empleados;Adquisición de otros conocimientos externos para innovación;0.52
2016;TOTAL INDUSTRIA;250 y más empleados;Adquisición de otros conocimientos externos para innovación;4.48
2016;TOTAL INDUSTRIA;Total;Adquisición de otros conocimientos externos para innovación;3.33
2016;TOTAL INDUSTRIA;Menos de 250 empleados;Formación para actividades de innovación;0.53
2016;TOTAL INDUSTRIA;250 y más empleados;Formación para actividades de innovación;0.14
2016;TOTAL INDUSTRIA;Total;Formación para actividades de innovación;0.25
2016;TOTAL INDUSTRIA;Menos de 250 empleados;Introducción de innovaciones en el mercado;3.12
2016;TOTAL INDUSTRIA;250 y más empleados;Introducción de innovaciones en el mercado;2.91
2016;TOTAL INDUSTRIA;Total;Introducción de innovaciones en el mercado;2.97
2016;TOTAL INDUSTRIA;Menos de 250 empleados;Diseño, otros preparativos para producción y/o distribución;2.88
2016;TOTAL INDUSTRIA;250 y más empleados;Diseño, otros preparativos para producción y/o distribución;2.98
2016;TOTAL INDUSTRIA;Total;Diseño, otros preparativos para producción y/o distribución;2.95
2016;TOTAL SERVICIOS;Menos de 250 empleados;Gastos totales (miles de euros);2483990
2016;TOTAL SERVICIOS;250 y más empleados;Gastos totales (miles de euros);4325338
2016;TOTAL SERVICIOS;Total;Gastos totales (miles de euros);6809329
2016;TOTAL SERVICIOS;Menos de 250 empleados;I+D interna;71.09
2016;TOTAL SERVICIOS;250 y más empleados;I+D interna;32.82
2016;TOTAL SERVICIOS;Total;I+D interna;46.78
2016;TOTAL SERVICIOS;Menos de 250 empleados;Adquisición de  I+D (I+D externa);8.73
2016;TOTAL SERVICIOS;250 y más empleados;Adquisición de  I+D (I+D externa);12.44
2016;TOTAL SERVICIOS;Total;Adquisición de  I+D (I+D externa);11.09
2016;TOTAL SERVICIOS;Menos de 250 empleados;Adquisición de maquinaria, equipos y hardware o software avanzados y edificios;10.65
2016;TOTAL SERVICIOS;250 y más empleados;Adquisición de maquinaria, equipos y hardware o software avanzados y edificios;30.02
2016;TOTAL SERVICIOS;Total;Adquisición de maquinaria, equipos y hardware o software avanzados y edificios;22.95
2016;TOTAL SERVICIOS;Menos de 250 empleados;Adquisición de otros conocimientos externos para innovación;0.53
2016;TOTAL SERVICIOS;250 y más empleados;Adquisición de otros conocimientos externos para innovación;10.87
2016;TOTAL SERVICIOS;Total;Adquisición de otros conocimientos externos para innovación;7.1
2016;TOTAL SERVICIOS;Menos de 250 empleados;Formación para actividades de innovación;0.82
2016;TOTAL SERVICIOS;250 y más empleados;Formación para actividades de innovación;0.72
2016;TOTAL SERVICIOS;Total;Formación para actividades de innovación;0.76
2016;TOTAL SERVICIOS;Menos de 250 empleados;Introducción de innovaciones en el mercado;3.12
2016;TOTAL SERVICIOS;250 y más empleados;Introducción de innovaciones en el mercado;2.57
2016;TOTAL SERVICIOS;Total;Introducción de innovaciones en el mercado;2.77
2016;TOTAL SERVICIOS;Menos de 250 empleados;Diseño, otros preparativos para producción y/o distribución;5.07
2016;TOTAL SERVICIOS;250 y más empleados;Diseño, otros preparativos para producción y/o distribución;10.56
2016;TOTAL SERVICIOS;Total;Diseño, otros preparativos para producción y/o distribución;8.56
2015;TOTAL EMPRESAS;Menos de 250 empleados;Gastos totales (miles de euros);4576610
2015;TOTAL EMPRESAS;250 y más empleados;Gastos totales (miles de euros);9097567
2015;TOTAL EMPRESAS;Total;Gastos totales (miles de euros);13674177
2015;TOTAL EMPRESAS;Menos de 250 empleados;I+D interna;62.23
2015;TOTAL EMPRESAS;250 y más empleados;I+D interna;41.46
2015;TOTAL EMPRESAS;Total;I+D interna;48.41
2015;TOTAL EMPRESAS;Menos de 250 empleados;Adquisición de  I+D (I+D externa);12.33
2015;TOTAL EMPRESAS;250 y más empleados;Adquisición de  I+D (I+D externa);19.68
2015;TOTAL EMPRESAS;Total;Adquisición de  I+D (I+D externa);17.22
2015;TOTAL EMPRESAS;Menos de 250 empleados;Adquisición de maquinaria, equipos y hardware o software avanzados y edificios;16.87
2015;TOTAL EMPRESAS;250 y más empleados;Adquisición de maquinaria, equipos y hardware o software avanzados y edificios;21.26
2015;TOTAL EMPRESAS;Total;Adquisición de maquinaria, equipos y hardware o software avanzados y edificios;19.79
2015;TOTAL EMPRESAS;Menos de 250 empleados;Adquisición de otros conocimientos externos para innovación;0.73
2015;TOTAL EMPRESAS;250 y más empleados;Adquisición de otros conocimientos externos para innovación;7.65
2015;TOTAL EMPRESAS;Total;Adquisición de otros conocimientos externos para innovación;5.33
2015;TOTAL EMPRESAS;Menos de 250 empleados;Formación para actividades de innovación;0.77
2015;TOTAL EMPRESAS;250 y más empleados;Formación para actividades de innovación;0.36
2015;TOTAL EMPRESAS;Total;Formación para actividades de innovación;0.49
2015;TOTAL EMPRESAS;Menos de 250 empleados;Introducción de innovaciones en el mercado;3.33
2015;TOTAL EMPRESAS;250 y más empleados;Introducción de innovaciones en el mercado;3.78
2015;TOTAL EMPRESAS;Total;Introducción de innovaciones en el mercado;3.63
2015;TOTAL EMPRESAS;Menos de 250 empleados;Diseño, otros preparativos para producción y/o distribución;3.74
2015;TOTAL EMPRESAS;250 y más empleados;Diseño, otros preparativos para producción y/o distribución;5.81
2015;TOTAL EMPRESAS;Total;Diseño, otros preparativos para producción y/o distribución;5.12
2015;TOTAL INDUSTRIA;Menos de 250 empleados;Gastos totales (miles de euros);1938520
2015;TOTAL INDUSTRIA;250 y más empleados;Gastos totales (miles de euros);4561240
2015;TOTAL INDUSTRIA;Total;Gastos totales (miles de euros);6499759
2015;TOTAL INDUSTRIA;Menos de 250 empleados;I+D interna;54.35
2015;TOTAL INDUSTRIA;250 y más empleados;I+D interna;48.59
2015;TOTAL INDUSTRIA;Total;I+D interna;50.31
2015;TOTAL INDUSTRIA;Menos de 250 empleados;Adquisición de  I+D (I+D externa);13.16
2015;TOTAL INDUSTRIA;250 y más empleados;Adquisición de  I+D (I+D externa);23.19
2015;TOTAL INDUSTRIA;Total;Adquisición de  I+D (I+D externa);20.2
2015;TOTAL INDUSTRIA;Menos de 250 empleados;Adquisición de maquinaria, equipos y hardware o software avanzados y edificios;24.04
2015;TOTAL INDUSTRIA;250 y más empleados;Adquisición de maquinaria, equipos y hardware o software avanzados y edificios;16.88
2015;TOTAL INDUSTRIA;Total;Adquisición de maquinaria, equipos y hardware o software avanzados y edificios;19.01
2015;TOTAL INDUSTRIA;Menos de 250 empleados;Adquisición de otros conocimientos externos para innovación;0.46
2015;TOTAL INDUSTRIA;250 y más empleados;Adquisición de otros conocimientos externos para innovación;4.87
2015;TOTAL INDUSTRIA;Total;Adquisición de otros conocimientos externos para innovación;3.55
2015;TOTAL INDUSTRIA;Menos de 250 empleados;Formación para actividades de innovación;0.7
2015;TOTAL INDUSTRIA;250 y más empleados;Formación para actividades de innovación;0.13
2015;TOTAL INDUSTRIA;Total;Formación para actividades de innovación;0.3
2015;TOTAL INDUSTRIA;Menos de 250 empleados;Introducción de innovaciones en el mercado;4.3
2015;TOTAL INDUSTRIA;250 y más empleados;Introducción de innovaciones en el mercado;3.83
2015;TOTAL INDUSTRIA;Total;Introducción de innovaciones en el mercado;3.97
2015;TOTAL INDUSTRIA;Menos de 250 empleados;Diseño, otros preparativos para producción y/o distribución;3
2015;TOTAL INDUSTRIA;250 y más empleados;Diseño, otros preparativos para producción y/o distribución;2.51
2015;TOTAL INDUSTRIA;Total;Diseño, otros preparativos para producción y/o distribución;2.66
2015;TOTAL SERVICIOS;Menos de 250 empleados;Gastos totales (miles de euros);2526920
2015;TOTAL SERVICIOS;250 y más empleados;Gastos totales (miles de euros);4422378
2015;TOTAL SERVICIOS;Total;Gastos totales (miles de euros);6949298
2015;TOTAL SERVICIOS;Menos de 250 empleados;I+D interna;68.37
2015;TOTAL SERVICIOS;250 y más empleados;I+D interna;33.13
2015;TOTAL SERVICIOS;Total;I+D interna;45.94
2015;TOTAL SERVICIOS;Menos de 250 empleados;Adquisición de  I+D (I+D externa);11.85
2015;TOTAL SERVICIOS;250 y más empleados;Adquisición de  I+D (I+D externa);16.33
2015;TOTAL SERVICIOS;Total;Adquisición de  I+D (I+D externa);14.7
2015;TOTAL SERVICIOS;Menos de 250 empleados;Adquisición de maquinaria, equipos y hardware o software avanzados y edificios;11.01
2015;TOTAL SERVICIOS;250 y más empleados;Adquisición de maquinaria, equipos y hardware o software avanzados y edificios;26.24
2015;TOTAL SERVICIOS;Total;Adquisición de maquinaria, equipos y hardware o software avanzados y edificios;20.7
2015;TOTAL SERVICIOS;Menos de 250 empleados;Adquisición de otros conocimientos externos para innovación;0.97
2015;TOTAL SERVICIOS;250 y más empleados;Adquisición de otros conocimientos externos para innovación;10.69
2015;TOTAL SERVICIOS;Total;Adquisición de otros conocimientos externos para innovación;7.16
2015;TOTAL SERVICIOS;Menos de 250 empleados;Formación para actividades de innovación;0.77
2015;TOTAL SERVICIOS;250 y más empleados;Formación para actividades de innovación;0.6
2015;TOTAL SERVICIOS;Total;Formación para actividades de innovación;0.66
2015;TOTAL SERVICIOS;Menos de 250 empleados;Introducción de innovaciones en el mercado;2.65
2015;TOTAL SERVICIOS;250 y más empleados;Introducción de innovaciones en el mercado;3.71
2015;TOTAL SERVICIOS;Total;Introducción de innovaciones en el mercado;3.33
2015;TOTAL SERVICIOS;Menos de 250 empleados;Diseño, otros preparativos para producción y/o distribución;4.39
2015;TOTAL SERVICIOS;250 y más empleados;Diseño, otros preparativos para producción y/o distribución;9.3
2015;TOTAL SERVICIOS;Total;Diseño, otros preparativos para producción y/o distribución;7.51
2014;TOTAL EMPRESAS;Menos de 250 empleados;Gastos totales (miles de euros);4494878
2014;TOTAL EMPRESAS;250 y más empleados;Gastos totales (miles de euros);8464964
2014;TOTAL EMPRESAS;Total;Gastos totales (miles de euros);12959842
2014;TOTAL EMPRESAS;Menos de 250 empleados;I+D interna;62.6
2014;TOTAL EMPRESAS;250 y más empleados;I+D interna;43.06
2014;TOTAL EMPRESAS;Total;I+D interna;49.84
2014;TOTAL EMPRESAS;Menos de 250 empleados;Adquisición de  I+D (I+D externa);11.68
2014;TOTAL EMPRESAS;250 y más empleados;Adquisición de  I+D (I+D externa);20.93
2014;TOTAL EMPRESAS;Total;Adquisición de  I+D (I+D externa);17.72
2014;TOTAL EMPRESAS;Menos de 250 empleados;Adquisición de maquinaria, equipos y hardware o software avanzados y edificios;17.82
2014;TOTAL EMPRESAS;250 y más empleados;Adquisición de maquinaria, equipos y hardware o software avanzados y edificios;19.11
2014;TOTAL EMPRESAS;Total;Adquisición de maquinaria, equipos y hardware o software avanzados y edificios;18.67
2014;TOTAL EMPRESAS;Menos de 250 empleados;Adquisición de otros conocimientos externos para innovación;0.94
2014;TOTAL EMPRESAS;250 y más empleados;Adquisición de otros conocimientos externos para innovación;7.91
2014;TOTAL EMPRESAS;Total;Adquisición de otros conocimientos externos para innovación;5.5
2014;TOTAL EMPRESAS;Menos de 250 empleados;Formación para actividades de innovación;0.79
2014;TOTAL EMPRESAS;250 y más empleados;Formación para actividades de innovación;0.51
2014;TOTAL EMPRESAS;Total;Formación para actividades de innovación;0.61
2014;TOTAL EMPRESAS;Menos de 250 empleados;Introducción de innovaciones en el mercado;3.49
2014;TOTAL EMPRESAS;250 y más empleados;Introducción de innovaciones en el mercado;3.52
2014;TOTAL EMPRESAS;Total;Introducción de innovaciones en el mercado;3.51
2014;TOTAL EMPRESAS;Menos de 250 empleados;Diseño, otros preparativos para producción y/o distribución;2.66
2014;TOTAL EMPRESAS;250 y más empleados;Diseño, otros preparativos para producción y/o distribución;4.95
2014;TOTAL EMPRESAS;Total;Diseño, otros preparativos para producción y/o distribución;4.16
2014;TOTAL INDUSTRIA;Menos de 250 empleados;Gastos totales (miles de euros);1940151
2014;TOTAL INDUSTRIA;250 y más empleados;Gastos totales (miles de euros);4348536
2014;TOTAL INDUSTRIA;Total;Gastos totales (miles de euros);6288687
2014;TOTAL INDUSTRIA;Menos de 250 empleados;I+D interna;54.35
2014;TOTAL INDUSTRIA;250 y más empleados;I+D interna;49.48
2014;TOTAL INDUSTRIA;Total;I+D interna;50.99
2014;TOTAL INDUSTRIA;Menos de 250 empleados;Adquisición de  I+D (I+D externa);12.71
2014;TOTAL INDUSTRIA;250 y más empleados;Adquisición de  I+D (I+D externa);25.39
2014;TOTAL INDUSTRIA;Total;Adquisición de  I+D (I+D externa);21.48
2014;TOTAL INDUSTRIA;Menos de 250 empleados;Adquisición de maquinaria, equipos y hardware o software avanzados y edificios;25.42
2014;TOTAL INDUSTRIA;250 y más empleados;Adquisición de maquinaria, equipos y hardware o software avanzados y edificios;13.53
2014;TOTAL INDUSTRIA;Total;Adquisición de maquinaria, equipos y hardware o software avanzados y edificios;17.2
2014;TOTAL INDUSTRIA;Menos de 250 empleados;Adquisición de otros conocimientos externos para innovación;0.46
2014;TOTAL INDUSTRIA;250 y más empleados;Adquisición de otros conocimientos externos para innovación;5.56
2014;TOTAL INDUSTRIA;Total;Adquisición de otros conocimientos externos para innovación;3.98
2014;TOTAL INDUSTRIA;Menos de 250 empleados;Formación para actividades de innovación;0.63
2014;TOTAL INDUSTRIA;250 y más empleados;Formación para actividades de innovación;0.19
2014;TOTAL INDUSTRIA;Total;Formación para actividades de innovación;0.33
2014;TOTAL INDUSTRIA;Menos de 250 empleados;Introducción de innovaciones en el mercado;3.98
2014;TOTAL INDUSTRIA;250 y más empleados;Introducción de innovaciones en el mercado;3.71
2014;TOTAL INDUSTRIA;Total;Introducción de innovaciones en el mercado;3.8
2014;TOTAL INDUSTRIA;Menos de 250 empleados;Diseño, otros preparativos para producción y/o distribución;2.46
2014;TOTAL INDUSTRIA;250 y más empleados;Diseño, otros preparativos para producción y/o distribución;2.13
2014;TOTAL INDUSTRIA;Total;Diseño, otros preparativos para producción y/o distribución;2.23
2014;TOTAL SERVICIOS;Menos de 250 empleados;Gastos totales (miles de euros);2420824
2014;TOTAL SERVICIOS;250 y más empleados;Gastos totales (miles de euros);3995372
2014;TOTAL SERVICIOS;Total;Gastos totales (miles de euros);6416196
2014;TOTAL SERVICIOS;Menos de 250 empleados;I+D interna;69.21
2014;TOTAL SERVICIOS;250 y más empleados;I+D interna;34.94
2014;TOTAL SERVICIOS;Total;I+D interna;47.87
2014;TOTAL SERVICIOS;Menos de 250 empleados;Adquisición de  I+D (I+D externa);11.1
2014;TOTAL SERVICIOS;250 y más empleados;Adquisición de  I+D (I+D externa);16.31
2014;TOTAL SERVICIOS;Total;Adquisición de  I+D (I+D externa);14.35
2014;TOTAL SERVICIOS;Menos de 250 empleados;Adquisición de maquinaria, equipos y hardware o software avanzados y edificios;11.34
2014;TOTAL SERVICIOS;250 y más empleados;Adquisición de maquinaria, equipos y hardware o software avanzados y edificios;25.72
2014;TOTAL SERVICIOS;Total;Adquisición de maquinaria, equipos y hardware o software avanzados y edificios;20.29
2014;TOTAL SERVICIOS;Menos de 250 empleados;Adquisición de otros conocimientos externos para innovación;1.37
2014;TOTAL SERVICIOS;250 y más empleados;Adquisición de otros conocimientos externos para innovación;10.7
2014;TOTAL SERVICIOS;Total;Adquisición de otros conocimientos externos para innovación;7.18
2014;TOTAL SERVICIOS;Menos de 250 empleados;Formación para actividades de innovación;0.9
2014;TOTAL SERVICIOS;250 y más empleados;Formación para actividades de innovación;0.88
2014;TOTAL SERVICIOS;Total;Formación para actividades de innovación;0.89
2014;TOTAL SERVICIOS;Menos de 250 empleados;Introducción de innovaciones en el mercado;3.15
2014;TOTAL SERVICIOS;250 y más empleados;Introducción de innovaciones en el mercado;3.3
2014;TOTAL SERVICIOS;Total;Introducción de innovaciones en el mercado;3.25
2014;TOTAL SERVICIOS;Menos de 250 empleados;Diseño, otros preparativos para producción y/o distribución;2.93
2014;TOTAL SERVICIOS;250 y más empleados;Diseño, otros preparativos para producción y/o distribución;8.15
2014;TOTAL SERVICIOS;Total;Diseño, otros preparativos para producción y/o distribución;6.18
2013;TOTAL EMPRESAS;Menos de 250 empleados;Gastos totales (miles de euros);4532911
2013;TOTAL EMPRESAS;250 y más empleados;Gastos totales (miles de euros);8700380
2013;TOTAL EMPRESAS;Total;Gastos totales (miles de euros);13233291
2013;TOTAL EMPRESAS;Menos de 250 empleados;I+D interna;63.5
2013;TOTAL EMPRESAS;250 y más empleados;I+D interna;42.45
2013;TOTAL EMPRESAS;Total;I+D interna;49.66
2013;TOTAL EMPRESAS;Menos de 250 empleados;Adquisición de  I+D (I+D externa);12.76
2013;TOTAL EMPRESAS;250 y más empleados;Adquisición de  I+D (I+D externa);19.39
2013;TOTAL EMPRESAS;Total;Adquisición de  I+D (I+D externa);17.12
2013;TOTAL EMPRESAS;Menos de 250 empleados;Adquisición de maquinaria, equipos y hardware o software avanzados y edificios;15.72
2013;TOTAL EMPRESAS;250 y más empleados;Adquisición de maquinaria, equipos y hardware o software avanzados y edificios;22.48
2013;TOTAL EMPRESAS;Total;Adquisición de maquinaria, equipos y hardware o software avanzados y edificios;20.16
2013;TOTAL EMPRESAS;Menos de 250 empleados;Adquisición de otros conocimientos externos para innovación;1.14
2013;TOTAL EMPRESAS;250 y más empleados;Adquisición de otros conocimientos externos para innovación;7.2
2013;TOTAL EMPRESAS;Total;Adquisición de otros conocimientos externos para innovación;5.12
2013;TOTAL EMPRESAS;Menos de 250 empleados;Formación para actividades de innovación;0.9
2013;TOTAL EMPRESAS;250 y más empleados;Formación para actividades de innovación;0.68
2013;TOTAL EMPRESAS;Total;Formación para actividades de innovación;0.76
2013;TOTAL EMPRESAS;Menos de 250 empleados;Introducción de innovaciones en el mercado;3.01
2013;TOTAL EMPRESAS;250 y más empleados;Introducción de innovaciones en el mercado;3.23
2013;TOTAL EMPRESAS;Total;Introducción de innovaciones en el mercado;3.16
2013;TOTAL EMPRESAS;Menos de 250 empleados;Diseño, otros preparativos para producción y/o distribución;2.97
2013;TOTAL EMPRESAS;250 y más empleados;Diseño, otros preparativos para producción y/o distribución;4.57
2013;TOTAL EMPRESAS;Total;Diseño, otros preparativos para producción y/o distribución;4.02
2013;TOTAL INDUSTRIA;Menos de 250 empleados;Gastos totales (miles de euros);1835743
2013;TOTAL INDUSTRIA;250 y más empleados;Gastos totales (miles de euros);5067784
2013;TOTAL INDUSTRIA;Total;Gastos totales (miles de euros);6903527
2013;TOTAL INDUSTRIA;Menos de 250 empleados;I+D interna;58.03
2013;TOTAL INDUSTRIA;250 y más empleados;I+D interna;42.72
2013;TOTAL INDUSTRIA;Total;I+D interna;46.79
2013;TOTAL INDUSTRIA;Menos de 250 empleados;Adquisición de  I+D (I+D externa);13.15
2013;TOTAL INDUSTRIA;250 y más empleados;Adquisición de  I+D (I+D externa);21.84
2013;TOTAL INDUSTRIA;Total;Adquisición de  I+D (I+D externa);19.53
2013;TOTAL INDUSTRIA;Menos de 250 empleados;Adquisición de maquinaria, equipos y hardware o software avanzados y edificios;21.4
2013;TOTAL INDUSTRIA;250 y más empleados;Adquisición de maquinaria, equipos y hardware o software avanzados y edificios;23.22
2013;TOTAL INDUSTRIA;Total;Adquisición de maquinaria, equipos y hardware o software avanzados y edificios;22.74
2013;TOTAL INDUSTRIA;Menos de 250 empleados;Adquisición de otros conocimientos externos para innovación;0.69
2013;TOTAL INDUSTRIA;250 y más empleados;Adquisición de otros conocimientos externos para innovación;5.09
2013;TOTAL INDUSTRIA;Total;Adquisición de otros conocimientos externos para innovación;3.92
2013;TOTAL INDUSTRIA;Menos de 250 empleados;Formación para actividades de innovación;0.53
2013;TOTAL INDUSTRIA;250 y más empleados;Formación para actividades de innovación;0.19
2013;TOTAL INDUSTRIA;Total;Formación para actividades de innovación;0.28
2013;TOTAL INDUSTRIA;Menos de 250 empleados;Introducción de innovaciones en el mercado;3.6
2013;TOTAL INDUSTRIA;250 y más empleados;Introducción de innovaciones en el mercado;3.51
2013;TOTAL INDUSTRIA;Total;Introducción de innovaciones en el mercado;3.53
2013;TOTAL INDUSTRIA;Menos de 250 empleados;Diseño, otros preparativos para producción y/o distribución;2.59
2013;TOTAL INDUSTRIA;250 y más empleados;Diseño, otros preparativos para producción y/o distribución;3.43
2013;TOTAL INDUSTRIA;Total;Diseño, otros preparativos para producción y/o distribución;3.21
2013;TOTAL SERVICIOS;Menos de 250 empleados;Gastos totales (miles de euros);2552213
2013;TOTAL SERVICIOS;250 y más empleados;Gastos totales (miles de euros);3525950
2013;TOTAL SERVICIOS;Total;Gastos totales (miles de euros);6078163
2013;TOTAL SERVICIOS;Menos de 250 empleados;I+D interna;67.87
2013;TOTAL SERVICIOS;250 y más empleados;I+D interna;40.8
2013;TOTAL SERVICIOS;Total;I+D interna;52.17
2013;TOTAL SERVICIOS;Menos de 250 empleados;Adquisición de  I+D (I+D externa);12.74
2013;TOTAL SERVICIOS;250 y más empleados;Adquisición de  I+D (I+D externa);16.18
2013;TOTAL SERVICIOS;Total;Adquisición de  I+D (I+D externa);14.73
2013;TOTAL SERVICIOS;Menos de 250 empleados;Adquisición de maquinaria, equipos y hardware o software avanzados y edificios;10.83
2013;TOTAL SERVICIOS;250 y más empleados;Adquisición de maquinaria, equipos y hardware o software avanzados y edificios;21.96
2013;TOTAL SERVICIOS;Total;Adquisición de maquinaria, equipos y hardware o software avanzados y edificios;17.29
2013;TOTAL SERVICIOS;Menos de 250 empleados;Adquisición de otros conocimientos externos para innovación;1.5
2013;TOTAL SERVICIOS;250 y más empleados;Adquisición de otros conocimientos externos para innovación;10.44
2013;TOTAL SERVICIOS;Total;Adquisición de otros conocimientos externos para innovación;6.69
2013;TOTAL SERVICIOS;Menos de 250 empleados;Formación para actividades de innovación;1.12
2013;TOTAL SERVICIOS;250 y más empleados;Formación para actividades de innovación;1.4
2013;TOTAL SERVICIOS;Total;Formación para actividades de innovación;1.28
2013;TOTAL SERVICIOS;Menos de 250 empleados;Introducción de innovaciones en el mercado;2.69
2013;TOTAL SERVICIOS;250 y más empleados;Introducción de innovaciones en el mercado;2.89
2013;TOTAL SERVICIOS;Total;Introducción de innovaciones en el mercado;2.8
2013;TOTAL SERVICIOS;Menos de 250 empleados;Diseño, otros preparativos para producción y/o distribución;3.25
2013;TOTAL SERVICIOS;250 y más empleados;Diseño, otros preparativos para producción y/o distribución;6.33
2013;TOTAL SERVICIOS;Total;Diseño, otros preparativos para producción y/o distribución;5.04
2012;TOTAL EMPRESAS;Menos de 250 empleados;Gastos totales (miles de euros);4825337
2012;TOTAL EMPRESAS;250 y más empleados;Gastos totales (miles de euros);8585011
2012;TOTAL EMPRESAS;Total;Gastos totales (miles de euros);13410348
2012;TOTAL EMPRESAS;Menos de 250 empleados;I+D interna;61.53
2012;TOTAL EMPRESAS;250 y más empleados;I+D interna;43.79
2012;TOTAL EMPRESAS;Total;I+D interna;50.17
2012;TOTAL EMPRESAS;Menos de 250 empleados;Adquisición de  I+D (I+D externa);13.13
2012;TOTAL EMPRESAS;250 y más empleados;Adquisición de  I+D (I+D externa);24.9
2012;TOTAL EMPRESAS;Total;Adquisición de  I+D (I+D externa);20.66
2012;TOTAL EMPRESAS;Menos de 250 empleados;Adquisición de maquinaria, equipos y hardware o software avanzados y edificios;18.04
2012;TOTAL EMPRESAS;250 y más empleados;Adquisición de maquinaria, equipos y hardware o software avanzados y edificios;16.56
2012;TOTAL EMPRESAS;Total;Adquisición de maquinaria, equipos y hardware o software avanzados y edificios;17.1
2012;TOTAL EMPRESAS;Menos de 250 empleados;Adquisición de otros conocimientos externos para innovación;0.43
2012;TOTAL EMPRESAS;250 y más empleados;Adquisición de otros conocimientos externos para innovación;6.76
2012;TOTAL EMPRESAS;Total;Adquisición de otros conocimientos externos para innovación;4.48
2012;TOTAL EMPRESAS;Menos de 250 empleados;Formación para actividades de innovación;0.87
2012;TOTAL EMPRESAS;250 y más empleados;Formación para actividades de innovación;0.56
2012;TOTAL EMPRESAS;Total;Formación para actividades de innovación;0.67
2012;TOTAL EMPRESAS;Menos de 250 empleados;Introducción de innovaciones en el mercado;3.26
2012;TOTAL EMPRESAS;250 y más empleados;Introducción de innovaciones en el mercado;3.54
2012;TOTAL EMPRESAS;Total;Introducción de innovaciones en el mercado;3.44
2012;TOTAL EMPRESAS;Menos de 250 empleados;Diseño, otros preparativos para producción y/o distribución;2.73
2012;TOTAL EMPRESAS;250 y más empleados;Diseño, otros preparativos para producción y/o distribución;3.88
2012;TOTAL EMPRESAS;Total;Diseño, otros preparativos para producción y/o distribución;3.47
2012;TOTAL INDUSTRIA;Menos de 250 empleados;Gastos totales (miles de euros);1939943
2012;TOTAL INDUSTRIA;250 y más empleados;Gastos totales (miles de euros);4852553
2012;TOTAL INDUSTRIA;Total;Gastos totales (miles de euros);6792496
2012;TOTAL INDUSTRIA;Menos de 250 empleados;I+D interna;56.95
2012;TOTAL INDUSTRIA;250 y más empleados;I+D interna;46.57
2012;TOTAL INDUSTRIA;Total;I+D interna;49.54
2012;TOTAL INDUSTRIA;Menos de 250 empleados;Adquisición de  I+D (I+D externa);12.96
2012;TOTAL INDUSTRIA;250 y más empleados;Adquisición de  I+D (I+D externa);27.05
2012;TOTAL INDUSTRIA;Total;Adquisición de  I+D (I+D externa);23.02
2012;TOTAL INDUSTRIA;Menos de 250 empleados;Adquisición de maquinaria, equipos y hardware o software avanzados y edificios;22.84
2012;TOTAL INDUSTRIA;250 y más empleados;Adquisición de maquinaria, equipos y hardware o software avanzados y edificios;14.05
2012;TOTAL INDUSTRIA;Total;Adquisición de maquinaria, equipos y hardware o software avanzados y edificios;16.56
2012;TOTAL INDUSTRIA;Menos de 250 empleados;Adquisición de otros conocimientos externos para innovación;0.56
2012;TOTAL INDUSTRIA;250 y más empleados;Adquisición de otros conocimientos externos para innovación;6.43
2012;TOTAL INDUSTRIA;Total;Adquisición de otros conocimientos externos para innovación;4.75
2012;TOTAL INDUSTRIA;Menos de 250 empleados;Formación para actividades de innovación;0.73
2012;TOTAL INDUSTRIA;250 y más empleados;Formación para actividades de innovación;0.2
2012;TOTAL INDUSTRIA;Total;Formación para actividades de innovación;0.35
2012;TOTAL INDUSTRIA;Menos de 250 empleados;Introducción de innovaciones en el mercado;3.56
2012;TOTAL INDUSTRIA;250 y más empleados;Introducción de innovaciones en el mercado;3.32
2012;TOTAL INDUSTRIA;Total;Introducción de innovaciones en el mercado;3.39
2012;TOTAL INDUSTRIA;Menos de 250 empleados;Diseño, otros preparativos para producción y/o distribución;2.41
2012;TOTAL INDUSTRIA;250 y más empleados;Diseño, otros preparativos para producción y/o distribución;2.38
2012;TOTAL INDUSTRIA;Total;Diseño, otros preparativos para producción y/o distribución;2.39
2012;TOTAL SERVICIOS;Menos de 250 empleados;Gastos totales (miles de euros);2687808
2012;TOTAL SERVICIOS;250 y más empleados;Gastos totales (miles de euros);3618844
2012;TOTAL SERVICIOS;Total;Gastos totales (miles de euros);6306652
2012;TOTAL SERVICIOS;Menos de 250 empleados;I+D interna;66.2
2012;TOTAL SERVICIOS;250 y más empleados;I+D interna;38.79
2012;TOTAL SERVICIOS;Total;I+D interna;50.47
2012;TOTAL SERVICIOS;Menos de 250 empleados;Adquisición de  I+D (I+D externa);13.25
2012;TOTAL SERVICIOS;250 y más empleados;Adquisición de  I+D (I+D externa);22.48
2012;TOTAL SERVICIOS;Total;Adquisición de  I+D (I+D externa);18.55
2012;TOTAL SERVICIOS;Menos de 250 empleados;Adquisición de maquinaria, equipos y hardware o software avanzados y edificios;13.23
2012;TOTAL SERVICIOS;250 y más empleados;Adquisición de maquinaria, equipos y hardware o software avanzados y edificios;20.38
2012;TOTAL SERVICIOS;Total;Adquisición de maquinaria, equipos y hardware o software avanzados y edificios;17.33
2012;TOTAL SERVICIOS;Menos de 250 empleados;Adquisición de otros conocimientos externos para innovación;0.36
2012;TOTAL SERVICIOS;250 y más empleados;Adquisición de otros conocimientos externos para innovación;7.42
2012;TOTAL SERVICIOS;Total;Adquisición de otros conocimientos externos para innovación;4.41
2012;TOTAL SERVICIOS;Menos de 250 empleados;Formación para actividades de innovación;0.93
2012;TOTAL SERVICIOS;250 y más empleados;Formación para actividades de innovación;1.05
2012;TOTAL SERVICIOS;Total;Formación para actividades de innovación;1
2012;TOTAL SERVICIOS;Menos de 250 empleados;Introducción de innovaciones en el mercado;3.16
2012;TOTAL SERVICIOS;250 y más empleados;Introducción de innovaciones en el mercado;3.91
2012;TOTAL SERVICIOS;Total;Introducción de innovaciones en el mercado;3.59
2012;TOTAL SERVICIOS;Menos de 250 empleados;Diseño, otros preparativos para producción y/o distribución;2.86
2012;TOTAL SERVICIOS;250 y más empleados;Diseño, otros preparativos para producción y/o distribución;5.97
2012;TOTAL SERVICIOS;Total;Diseño, otros preparativos para producción y/o distribución;4.64
2011;TOTAL EMPRESAS;Menos de 250 empleados;Gastos totales (miles de euros);5531649
2011;TOTAL EMPRESAS;250 y más empleados;Gastos totales (miles de euros);9224158
2011;TOTAL EMPRESAS;Total;Gastos totales (miles de euros);14755807
2011;TOTAL EMPRESAS;Menos de 250 empleados;I+D interna;57.71
2011;TOTAL EMPRESAS;250 y más empleados;I+D interna;41.29
2011;TOTAL EMPRESAS;Total;I+D interna;47.44
2011;TOTAL EMPRESAS;Menos de 250 empleados;Adquisición de  I+D (I+D externa);12.77
2011;TOTAL EMPRESAS;250 y más empleados;Adquisición de  I+D (I+D externa);25.23
2011;TOTAL EMPRESAS;Total;Adquisición de  I+D (I+D externa);20.56
2011;TOTAL EMPRESAS;Menos de 250 empleados;Adquisición de maquinaria, equipos y hardware o software avanzados y edificios;22.7
2011;TOTAL EMPRESAS;250 y más empleados;Adquisición de maquinaria, equipos y hardware o software avanzados y edificios;18.65
2011;TOTAL EMPRESAS;Total;Adquisición de maquinaria, equipos y hardware o software avanzados y edificios;20.16
2011;TOTAL EMPRESAS;Menos de 250 empleados;Adquisición de otros conocimientos externos para innovación;0.88
2011;TOTAL EMPRESAS;250 y más empleados;Adquisición de otros conocimientos externos para innovación;6.4
2011;TOTAL EMPRESAS;Total;Adquisición de otros conocimientos externos para innovación;4.33
2011;TOTAL EMPRESAS;Menos de 250 empleados;Formación para actividades de innovación;0.89
2011;TOTAL EMPRESAS;250 y más empleados;Formación para actividades de innovación;0.59
2011;TOTAL EMPRESAS;Total;Formación para actividades de innovación;0.7
2011;TOTAL EMPRESAS;Menos de 250 empleados;Introducción de innovaciones en el mercado;3.33
2011;TOTAL EMPRESAS;250 y más empleados;Introducción de innovaciones en el mercado;3.39
2011;TOTAL EMPRESAS;Total;Introducción de innovaciones en el mercado;3.37
2011;TOTAL EMPRESAS;Menos de 250 empleados;Diseño, otros preparativos para producción y/o distribución;1.73
2011;TOTAL EMPRESAS;250 y más empleados;Diseño, otros preparativos para producción y/o distribución;4.45
2011;TOTAL EMPRESAS;Total;Diseño, otros preparativos para producción y/o distribución;3.43
2011;TOTAL INDUSTRIA;Menos de 250 empleados;Gastos totales (miles de euros);2385991
2011;TOTAL INDUSTRIA;250 y más empleados;Gastos totales (miles de euros);4889049
2011;TOTAL INDUSTRIA;Total;Gastos totales (miles de euros);7275040
2011;TOTAL INDUSTRIA;Menos de 250 empleados;I+D interna;52.12
2011;TOTAL INDUSTRIA;250 y más empleados;I+D interna;46.9
2011;TOTAL INDUSTRIA;Total;I+D interna;48.61
2011;TOTAL INDUSTRIA;Menos de 250 empleados;Adquisición de  I+D (I+D externa);13.33
2011;TOTAL INDUSTRIA;250 y más empleados;Adquisición de  I+D (I+D externa);26.59
2011;TOTAL INDUSTRIA;Total;Adquisición de  I+D (I+D externa);22.24
2011;TOTAL INDUSTRIA;Menos de 250 empleados;Adquisición de maquinaria, equipos y hardware o software avanzados y edificios;28
2011;TOTAL INDUSTRIA;250 y más empleados;Adquisición de maquinaria, equipos y hardware o software avanzados y edificios;11.63
2011;TOTAL INDUSTRIA;Total;Adquisición de maquinaria, equipos y hardware o software avanzados y edificios;17
2011;TOTAL INDUSTRIA;Menos de 250 empleados;Adquisición de otros conocimientos externos para innovación;0.38
2011;TOTAL INDUSTRIA;250 y más empleados;Adquisición de otros conocimientos externos para innovación;8.24
2011;TOTAL INDUSTRIA;Total;Adquisición de otros conocimientos externos para innovación;5.66
2011;TOTAL INDUSTRIA;Menos de 250 empleados;Formación para actividades de innovación;0.56
2011;TOTAL INDUSTRIA;250 y más empleados;Formación para actividades de innovación;0.31
2011;TOTAL INDUSTRIA;Total;Formación para actividades de innovación;0.39
2011;TOTAL INDUSTRIA;Menos de 250 empleados;Introducción de innovaciones en el mercado;3.28
2011;TOTAL INDUSTRIA;250 y más empleados;Introducción de innovaciones en el mercado;4.05
2011;TOTAL INDUSTRIA;Total;Introducción de innovaciones en el mercado;3.8
2011;TOTAL INDUSTRIA;Menos de 250 empleados;Diseño, otros preparativos para producción y/o distribución;2.34
2011;TOTAL INDUSTRIA;250 y más empleados;Diseño, otros preparativos para producción y/o distribución;2.28
2011;TOTAL INDUSTRIA;Total;Diseño, otros preparativos para producción y/o distribución;2.3
2011;TOTAL SERVICIOS;Menos de 250 empleados;Gastos totales (miles de euros);2902184
2011;TOTAL SERVICIOS;250 y más empleados;Gastos totales (miles de euros);4193776
2011;TOTAL SERVICIOS;Total;Gastos totales (miles de euros);7095960
2011;TOTAL SERVICIOS;Menos de 250 empleados;I+D interna;63.89
2011;TOTAL SERVICIOS;250 y más empleados;I+D interna;33.56
2011;TOTAL SERVICIOS;Total;I+D interna;45.96
2011;TOTAL SERVICIOS;Menos de 250 empleados;Adquisición de  I+D (I+D externa);12.62
2011;TOTAL SERVICIOS;250 y más empleados;Adquisición de  I+D (I+D externa);24.14
2011;TOTAL SERVICIOS;Total;Adquisición de  I+D (I+D externa);19.43
2011;TOTAL SERVICIOS;Menos de 250 empleados;Adquisición de maquinaria, equipos y hardware o software avanzados y edificios;16.47
2011;TOTAL SERVICIOS;250 y más empleados;Adquisición de maquinaria, equipos y hardware o software avanzados y edificios;27.25
2011;TOTAL SERVICIOS;Total;Adquisición de maquinaria, equipos y hardware o software avanzados y edificios;22.84
2011;TOTAL SERVICIOS;Menos de 250 empleados;Adquisición de otros conocimientos externos para innovación;1.33
2011;TOTAL SERVICIOS;250 y más empleados;Adquisición de otros conocimientos externos para innovación;4.47
2011;TOTAL SERVICIOS;Total;Adquisición de otros conocimientos externos para innovación;3.19
2011;TOTAL SERVICIOS;Menos de 250 empleados;Formación para actividades de innovación;1.07
2011;TOTAL SERVICIOS;250 y más empleados;Formación para actividades de innovación;0.94
2011;TOTAL SERVICIOS;Total;Formación para actividades de innovación;0.99
2011;TOTAL SERVICIOS;Menos de 250 empleados;Introducción de innovaciones en el mercado;3.37
2011;TOTAL SERVICIOS;250 y más empleados;Introducción de innovaciones en el mercado;2.66
2011;TOTAL SERVICIOS;Total;Introducción de innovaciones en el mercado;2.95
2011;TOTAL SERVICIOS;Menos de 250 empleados;Diseño, otros preparativos para producción y/o distribución;1.24
2011;TOTAL SERVICIOS;250 y más empleados;Diseño, otros preparativos para producción y/o distribución;6.98
2011;TOTAL SERVICIOS;Total;Diseño, otros preparativos para producción y/o distribución;4.63
2010;TOTAL EMPRESAS;Menos de 250 empleados;Gastos totales (miles de euros);6302302
2010;TOTAL EMPRESAS;250 y más empleados;Gastos totales (miles de euros);9868916
2010;TOTAL EMPRESAS;Total;Gastos totales (miles de euros);16171218
2010;TOTAL EMPRESAS;Menos de 250 empleados;I+D interna;54.69
2010;TOTAL EMPRESAS;250 y más empleados;I+D interna;37.89
2010;TOTAL EMPRESAS;Total;I+D interna;44.44
2010;TOTAL EMPRESAS;Menos de 250 empleados;Adquisición de  I+D (I+D externa);11.9
2010;TOTAL EMPRESAS;250 y más empleados;Adquisición de  I+D (I+D externa);21.57
2010;TOTAL EMPRESAS;Total;Adquisición de  I+D (I+D externa);17.8
2010;TOTAL EMPRESAS;Menos de 250 empleados;Adquisición de maquinaria, equipos y hardware o software avanzados y edificios;25.15
2010;TOTAL EMPRESAS;250 y más empleados;Adquisición de maquinaria, equipos y hardware o software avanzados y edificios;25.01
2010;TOTAL EMPRESAS;Total;Adquisición de maquinaria, equipos y hardware o software avanzados y edificios;25.07
2010;TOTAL EMPRESAS;Menos de 250 empleados;Adquisición de otros conocimientos externos para innovación;0.65
2010;TOTAL EMPRESAS;250 y más empleados;Adquisición de otros conocimientos externos para innovación;6.43
2010;TOTAL EMPRESAS;Total;Adquisición de otros conocimientos externos para innovación;4.17
2010;TOTAL EMPRESAS;Menos de 250 empleados;Formación para actividades de innovación;1.14
2010;TOTAL EMPRESAS;250 y más empleados;Formación para actividades de innovación;0.58
2010;TOTAL EMPRESAS;Total;Formación para actividades de innovación;0.8
2010;TOTAL EMPRESAS;Menos de 250 empleados;Introducción de innovaciones en el mercado;3.58
2010;TOTAL EMPRESAS;250 y más empleados;Introducción de innovaciones en el mercado;5.07
2010;TOTAL EMPRESAS;Total;Introducción de innovaciones en el mercado;4.49
2010;TOTAL EMPRESAS;Menos de 250 empleados;Diseño, otros preparativos para producción y/o distribución;2.89
2010;TOTAL EMPRESAS;250 y más empleados;Diseño, otros preparativos para producción y/o distribución;3.45
2010;TOTAL EMPRESAS;Total;Diseño, otros preparativos para producción y/o distribución;3.23
2010;TOTAL INDUSTRIA;Menos de 250 empleados;Gastos totales (miles de euros);2618345
2010;TOTAL INDUSTRIA;250 y más empleados;Gastos totales (miles de euros);4881049
2010;TOTAL INDUSTRIA;Total;Gastos totales (miles de euros);7499395
2010;TOTAL INDUSTRIA;Menos de 250 empleados;I+D interna;49.92
2010;TOTAL INDUSTRIA;250 y más empleados;I+D interna;44.67
2010;TOTAL INDUSTRIA;Total;I+D interna;46.51
2010;TOTAL INDUSTRIA;Menos de 250 empleados;Adquisición de  I+D (I+D externa);12.14
2010;TOTAL INDUSTRIA;250 y más empleados;Adquisición de  I+D (I+D externa);25.17
2010;TOTAL INDUSTRIA;Total;Adquisición de  I+D (I+D externa);20.62
2010;TOTAL INDUSTRIA;Menos de 250 empleados;Adquisición de maquinaria, equipos y hardware o software avanzados y edificios;28.14
2010;TOTAL INDUSTRIA;250 y más empleados;Adquisición de maquinaria, equipos y hardware o software avanzados y edificios;14.9
2010;TOTAL INDUSTRIA;Total;Adquisición de maquinaria, equipos y hardware o software avanzados y edificios;19.52
2010;TOTAL INDUSTRIA;Menos de 250 empleados;Adquisición de otros conocimientos externos para innovación;0.48
2010;TOTAL INDUSTRIA;250 y más empleados;Adquisición de otros conocimientos externos para innovación;8.54
2010;TOTAL INDUSTRIA;Total;Adquisición de otros conocimientos externos para innovación;5.73
2010;TOTAL INDUSTRIA;Menos de 250 empleados;Formación para actividades de innovación;0.76
2010;TOTAL INDUSTRIA;250 y más empleados;Formación para actividades de innovación;0.4
2010;TOTAL INDUSTRIA;Total;Formación para actividades de innovación;0.52
2010;TOTAL INDUSTRIA;Menos de 250 empleados;Introducción de innovaciones en el mercado;4.78
2010;TOTAL INDUSTRIA;250 y más empleados;Introducción de innovaciones en el mercado;5.3
2010;TOTAL INDUSTRIA;Total;Introducción de innovaciones en el mercado;5.12
2010;TOTAL INDUSTRIA;Menos de 250 empleados;Diseño, otros preparativos para producción y/o distribución;3.77
2010;TOTAL INDUSTRIA;250 y más empleados;Diseño, otros preparativos para producción y/o distribución;1.03
2010;TOTAL INDUSTRIA;Total;Diseño, otros preparativos para producción y/o distribución;1.99
2010;TOTAL SERVICIOS;Menos de 250 empleados;Gastos totales (miles de euros);3346838
2010;TOTAL SERVICIOS;250 y más empleados;Gastos totales (miles de euros);4845060
2010;TOTAL SERVICIOS;Total;Gastos totales (miles de euros);8191899
2010;TOTAL SERVICIOS;Menos de 250 empleados;I+D interna;60.93
2010;TOTAL SERVICIOS;250 y más empleados;I+D interna;29.98
2010;TOTAL SERVICIOS;Total;I+D interna;42.63
2010;TOTAL SERVICIOS;Menos de 250 empleados;Adquisición de  I+D (I+D externa);12.19
2010;TOTAL SERVICIOS;250 y más empleados;Adquisición de  I+D (I+D externa);18.17
2010;TOTAL SERVICIOS;Total;Adquisición de  I+D (I+D externa);15.72
2010;TOTAL SERVICIOS;Menos de 250 empleados;Adquisición de maquinaria, equipos y hardware o software avanzados y edificios;19.73
2010;TOTAL SERVICIOS;250 y más empleados;Adquisición de maquinaria, equipos y hardware o software avanzados y edificios;35.78
2010;TOTAL SERVICIOS;Total;Adquisición de maquinaria, equipos y hardware o software avanzados y edificios;29.22
2010;TOTAL SERVICIOS;Menos de 250 empleados;Adquisición de otros conocimientos externos para innovación;0.8
2010;TOTAL SERVICIOS;250 y más empleados;Adquisición de otros conocimientos externos para innovación;4.48
2010;TOTAL SERVICIOS;Total;Adquisición de otros conocimientos externos para innovación;2.98
2010;TOTAL SERVICIOS;Menos de 250 empleados;Formación para actividades de innovación;1.34
2010;TOTAL SERVICIOS;250 y más empleados;Formación para actividades de innovación;0.77
2010;TOTAL SERVICIOS;Total;Formación para actividades de innovación;1
2010;TOTAL SERVICIOS;Menos de 250 empleados;Introducción de innovaciones en el mercado;2.88
2010;TOTAL SERVICIOS;250 y más empleados;Introducción de innovaciones en el mercado;4.9
2010;TOTAL SERVICIOS;Total;Introducción de innovaciones en el mercado;4.08
2010;TOTAL SERVICIOS;Menos de 250 empleados;Diseño, otros preparativos para producción y/o distribución;2.14
2010;TOTAL SERVICIOS;250 y más empleados;Diseño, otros preparativos para producción y/o distribución;5.92
2010;TOTAL SERVICIOS;Total;Diseño, otros preparativos para producción y/o distribución;4.38
2009;TOTAL EMPRESAS;Menos de 250 empleados;Gastos totales (miles de euros);7075251
2009;TOTAL EMPRESAS;250 y más empleados;Gastos totales (miles de euros);10561372
2009;TOTAL EMPRESAS;Total;Gastos totales (miles de euros);17636624
2009;TOTAL EMPRESAS;Menos de 250 empleados;I+D interna;50.43
2009;TOTAL EMPRESAS;250 y más empleados;I+D interna;35.01
2009;TOTAL EMPRESAS;Total;I+D interna;41.19
2009;TOTAL EMPRESAS;Menos de 250 empleados;Adquisición de  I+D (I+D externa);12.53
2009;TOTAL EMPRESAS;250 y más empleados;Adquisición de  I+D (I+D externa);15.97
2009;TOTAL EMPRESAS;Total;Adquisición de  I+D (I+D externa);14.59
2009;TOTAL EMPRESAS;Menos de 250 empleados;Adquisición de maquinaria, equipos y hardware o software avanzados y edificios;27.88
2009;TOTAL EMPRESAS;250 y más empleados;Adquisición de maquinaria, equipos y hardware o software avanzados y edificios;31.58
2009;TOTAL EMPRESAS;Total;Adquisición de maquinaria, equipos y hardware o software avanzados y edificios;30.1
2009;TOTAL EMPRESAS;Menos de 250 empleados;Adquisición de otros conocimientos externos para innovación;0.93
2009;TOTAL EMPRESAS;250 y más empleados;Adquisición de otros conocimientos externos para innovación;7.52
2009;TOTAL EMPRESAS;Total;Adquisición de otros conocimientos externos para innovación;4.87
2009;TOTAL EMPRESAS;Menos de 250 empleados;Formación para actividades de innovación;0.5
2009;TOTAL EMPRESAS;250 y más empleados;Formación para actividades de innovación;0.53
2009;TOTAL EMPRESAS;Total;Formación para actividades de innovación;0.52
2009;TOTAL EMPRESAS;Menos de 250 empleados;Introducción de innovaciones en el mercado;4.7
2009;TOTAL EMPRESAS;250 y más empleados;Introducción de innovaciones en el mercado;6.04
2009;TOTAL EMPRESAS;Total;Introducción de innovaciones en el mercado;5.5
2009;TOTAL EMPRESAS;Menos de 250 empleados;Diseño, otros preparativos para producción y/o distribución;3.03
2009;TOTAL EMPRESAS;250 y más empleados;Diseño, otros preparativos para producción y/o distribución;3.36
2009;TOTAL EMPRESAS;Total;Diseño, otros preparativos para producción y/o distribución;3.23
2009;TOTAL INDUSTRIA;Menos de 250 empleados;Gastos totales (miles de euros);3000189
2009;TOTAL INDUSTRIA;250 y más empleados;Gastos totales (miles de euros);4624641
2009;TOTAL INDUSTRIA;Total;Gastos totales (miles de euros);7624830
2009;TOTAL INDUSTRIA;Menos de 250 empleados;I+D interna;46.26
2009;TOTAL INDUSTRIA;250 y más empleados;I+D interna;44.9
2009;TOTAL INDUSTRIA;Total;I+D interna;45.43
2009;TOTAL INDUSTRIA;Menos de 250 empleados;Adquisición de  I+D (I+D externa);11.99
2009;TOTAL INDUSTRIA;250 y más empleados;Adquisición de  I+D (I+D externa);19.24
2009;TOTAL INDUSTRIA;Total;Adquisición de  I+D (I+D externa);16.39
2009;TOTAL INDUSTRIA;Menos de 250 empleados;Adquisición de maquinaria, equipos y hardware o software avanzados y edificios;31.39
2009;TOTAL INDUSTRIA;250 y más empleados;Adquisición de maquinaria, equipos y hardware o software avanzados y edificios;16.86
2009;TOTAL INDUSTRIA;Total;Adquisición de maquinaria, equipos y hardware o software avanzados y edificios;22.58
2009;TOTAL INDUSTRIA;Menos de 250 empleados;Adquisición de otros conocimientos externos para innovación;0.93
2009;TOTAL INDUSTRIA;250 y más empleados;Adquisición de otros conocimientos externos para innovación;11.74
2009;TOTAL INDUSTRIA;Total;Adquisición de otros conocimientos externos para innovación;7.49
2009;TOTAL INDUSTRIA;Menos de 250 empleados;Formación para actividades de innovación;0.39
2009;TOTAL INDUSTRIA;250 y más empleados;Formación para actividades de innovación;0.38
2009;TOTAL INDUSTRIA;Total;Formación para actividades de innovación;0.38
2009;TOTAL INDUSTRIA;Menos de 250 empleados;Introducción de innovaciones en el mercado;5.12
2009;TOTAL INDUSTRIA;250 y más empleados;Introducción de innovaciones en el mercado;5.14
2009;TOTAL INDUSTRIA;Total;Introducción de innovaciones en el mercado;5.13
2009;TOTAL INDUSTRIA;Menos de 250 empleados;Diseño, otros preparativos para producción y/o distribución;3.93
2009;TOTAL INDUSTRIA;250 y más empleados;Diseño, otros preparativos para producción y/o distribución;1.73
2009;TOTAL INDUSTRIA;Total;Diseño, otros preparativos para producción y/o distribución;2.6
2009;TOTAL SERVICIOS;Menos de 250 empleados;Gastos totales (miles de euros);3705227
2009;TOTAL SERVICIOS;250 y más empleados;Gastos totales (miles de euros);5747931
2009;TOTAL SERVICIOS;Total;Gastos totales (miles de euros);9453157
2009;TOTAL SERVICIOS;Menos de 250 empleados;I+D interna;55.77
2009;TOTAL SERVICIOS;250 y más empleados;I+D interna;26.06
2009;TOTAL SERVICIOS;Total;I+D interna;37.7
2009;TOTAL SERVICIOS;Menos de 250 empleados;Adquisición de  I+D (I+D externa);12.49
2009;TOTAL SERVICIOS;250 y más empleados;Adquisición de  I+D (I+D externa);13.46
2009;TOTAL SERVICIOS;Total;Adquisición de  I+D (I+D externa);13.08
2009;TOTAL SERVICIOS;Menos de 250 empleados;Adquisición de maquinaria, equipos y hardware o software avanzados y edificios;24.05
2009;TOTAL SERVICIOS;250 y más empleados;Adquisición de maquinaria, equipos y hardware o software avanzados y edificios;43.98
2009;TOTAL SERVICIOS;Total;Adquisición de maquinaria, equipos y hardware o software avanzados y edificios;36.17
2009;TOTAL SERVICIOS;Menos de 250 empleados;Adquisición de otros conocimientos externos para innovación;0.98
2009;TOTAL SERVICIOS;250 y más empleados;Adquisición de otros conocimientos externos para innovación;4.33
2009;TOTAL SERVICIOS;Total;Adquisición de otros conocimientos externos para innovación;3.02
2009;TOTAL SERVICIOS;Menos de 250 empleados;Formación para actividades de innovación;0.56
2009;TOTAL SERVICIOS;250 y más empleados;Formación para actividades de innovación;0.65
2009;TOTAL SERVICIOS;Total;Formación para actividades de innovación;0.62
2009;TOTAL SERVICIOS;Menos de 250 empleados;Introducción de innovaciones en el mercado;3.75
2009;TOTAL SERVICIOS;250 y más empleados;Introducción de innovaciones en el mercado;6.82
2009;TOTAL SERVICIOS;Total;Introducción de innovaciones en el mercado;5.61
2009;TOTAL SERVICIOS;Menos de 250 empleados;Diseño, otros preparativos para producción y/o distribución;2.4
2009;TOTAL SERVICIOS;250 y más empleados;Diseño, otros preparativos para producción y/o distribución;4.7
2009;TOTAL SERVICIOS;Total;Diseño, otros preparativos para producción y/o distribución;3.8
2008;TOTAL EMPRESAS;Menos de 250 empleados;Gastos totales (miles de euros);8616998
2008;TOTAL EMPRESAS;250 y más empleados;Gastos totales (miles de euros);11301948
2008;TOTAL EMPRESAS;Total;Gastos totales (miles de euros);19918946
2008;TOTAL EMPRESAS;Menos de 250 empleados;I+D interna;48.38
2008;TOTAL EMPRESAS;250 y más empleados;I+D interna;32.61
2008;TOTAL EMPRESAS;Total;I+D interna;39.43
2008;TOTAL EMPRESAS;Menos de 250 empleados;Adquisición de  I+D (I+D externa);12.43
2008;TOTAL EMPRESAS;250 y más empleados;Adquisición de  I+D (I+D externa);14.81
2008;TOTAL EMPRESAS;Total;Adquisición de  I+D (I+D externa);13.78
2008;TOTAL EMPRESAS;Menos de 250 empleados;Adquisición de maquinaria, equipos y hardware o software avanzados y edificios;27.31
2008;TOTAL EMPRESAS;250 y más empleados;Adquisición de maquinaria, equipos y hardware o software avanzados y edificios;34.01
2008;TOTAL EMPRESAS;Total;Adquisición de maquinaria, equipos y hardware o software avanzados y edificios;31.11
2008;TOTAL EMPRESAS;Menos de 250 empleados;Adquisición de otros conocimientos externos para innovación;0.52
2008;TOTAL EMPRESAS;250 y más empleados;Adquisición de otros conocimientos externos para innovación;8.5
2008;TOTAL EMPRESAS;Total;Adquisición de otros conocimientos externos para innovación;5.04
2008;TOTAL EMPRESAS;Menos de 250 empleados;Formación para actividades de innovación;0.82
2008;TOTAL EMPRESAS;250 y más empleados;Formación para actividades de innovación;1.06
2008;TOTAL EMPRESAS;Total;Formación para actividades de innovación;0.96
2008;TOTAL EMPRESAS;Menos de 250 empleados;Introducción de innovaciones en el mercado;7.17
2008;TOTAL EMPRESAS;250 y más empleados;Introducción de innovaciones en el mercado;5.31
2008;TOTAL EMPRESAS;Total;Introducción de innovaciones en el mercado;6.11
2008;TOTAL EMPRESAS;Menos de 250 empleados;Diseño, otros preparativos para producción y/o distribución;3.38
2008;TOTAL EMPRESAS;250 y más empleados;Diseño, otros preparativos para producción y/o distribución;3.71
2008;TOTAL EMPRESAS;Total;Diseño, otros preparativos para producción y/o distribución;3.57
2008;TOTAL INDUSTRIA;Menos de 250 empleados;Gastos totales (miles de euros);3227689
2008;TOTAL INDUSTRIA;250 y más empleados;Gastos totales (miles de euros);4786424
2008;TOTAL INDUSTRIA;Total;Gastos totales (miles de euros);8014113
2008;TOTAL INDUSTRIA;Menos de 250 empleados;I+D interna;46.34
2008;TOTAL INDUSTRIA;250 y más empleados;I+D interna;42.57
2008;TOTAL INDUSTRIA;Total;I+D interna;44.09
2008;TOTAL INDUSTRIA;Menos de 250 empleados;Adquisición de  I+D (I+D externa);10.5
2008;TOTAL INDUSTRIA;250 y más empleados;Adquisición de  I+D (I+D externa);16.35
2008;TOTAL INDUSTRIA;Total;Adquisición de  I+D (I+D externa);14
2008;TOTAL INDUSTRIA;Menos de 250 empleados;Adquisición de maquinaria, equipos y hardware o software avanzados y edificios;32.02
2008;TOTAL INDUSTRIA;250 y más empleados;Adquisición de maquinaria, equipos y hardware o software avanzados y edificios;20.91
2008;TOTAL INDUSTRIA;Total;Adquisición de maquinaria, equipos y hardware o software avanzados y edificios;25.38
2008;TOTAL INDUSTRIA;Menos de 250 empleados;Adquisición de otros conocimientos externos para innovación;0.41
2008;TOTAL INDUSTRIA;250 y más empleados;Adquisición de otros conocimientos externos para innovación;12.12
2008;TOTAL INDUSTRIA;Total;Adquisición de otros conocimientos externos para innovación;7.41
2008;TOTAL INDUSTRIA;Menos de 250 empleados;Formación para actividades de innovación;0.45
2008;TOTAL INDUSTRIA;250 y más empleados;Formación para actividades de innovación;0.37
2008;TOTAL INDUSTRIA;Total;Formación para actividades de innovación;0.4
2008;TOTAL INDUSTRIA;Menos de 250 empleados;Introducción de innovaciones en el mercado;5.96
2008;TOTAL INDUSTRIA;250 y más empleados;Introducción de innovaciones en el mercado;4.7
2008;TOTAL INDUSTRIA;Total;Introducción de innovaciones en el mercado;5.21
2008;TOTAL INDUSTRIA;Menos de 250 empleados;Diseño, otros preparativos para producción y/o distribución;4.31
2008;TOTAL INDUSTRIA;250 y más empleados;Diseño, otros preparativos para producción y/o distribución;2.98
2008;TOTAL INDUSTRIA;Total;Diseño, otros preparativos para producción y/o distribución;3.52
2008;TOTAL SERVICIOS;Menos de 250 empleados;Gastos totales (miles de euros);4565002
2008;TOTAL SERVICIOS;250 y más empleados;Gastos totales (miles de euros);6322572
2008;TOTAL SERVICIOS;Total;Gastos totales (miles de euros);10887574
2008;TOTAL SERVICIOS;Menos de 250 empleados;I+D interna;54.37
2008;TOTAL SERVICIOS;250 y más empleados;I+D interna;24.06
2008;TOTAL SERVICIOS;Total;I+D interna;36.77
2008;TOTAL SERVICIOS;Menos de 250 empleados;Adquisición de  I+D (I+D externa);11.58
2008;TOTAL SERVICIOS;250 y más empleados;Adquisición de  I+D (I+D externa);13.7
2008;TOTAL SERVICIOS;Total;Adquisición de  I+D (I+D externa);12.81
2008;TOTAL SERVICIOS;Menos de 250 empleados;Adquisición de maquinaria, equipos y hardware o software avanzados y edificios;21.71
2008;TOTAL SERVICIOS;250 y más empleados;Adquisición de maquinaria, equipos y hardware o software avanzados y edificios;44.59
2008;TOTAL SERVICIOS;Total;Adquisición de maquinaria, equipos y hardware o software avanzados y edificios;35
2008;TOTAL SERVICIOS;Menos de 250 empleados;Adquisición de otros conocimientos externos para innovación;0.61
2008;TOTAL SERVICIOS;250 y más empleados;Adquisición de otros conocimientos externos para innovación;5.98
2008;TOTAL SERVICIOS;Total;Adquisición de otros conocimientos externos para innovación;3.73
2008;TOTAL SERVICIOS;Menos de 250 empleados;Formación para actividades de innovación;1.11
2008;TOTAL SERVICIOS;250 y más empleados;Formación para actividades de innovación;1.6
2008;TOTAL SERVICIOS;Total;Formación para actividades de innovación;1.39
2008;TOTAL SERVICIOS;Menos de 250 empleados;Introducción de innovaciones en el mercado;7.65
2008;TOTAL SERVICIOS;250 y más empleados;Introducción de innovaciones en el mercado;5.81
2008;TOTAL SERVICIOS;Total;Introducción de innovaciones en el mercado;6.58
2008;TOTAL SERVICIOS;Menos de 250 empleados;Diseño, otros preparativos para producción y/o distribución;2.97
2008;TOTAL SERVICIOS;250 y más empleados;Diseño, otros preparativos para producción y/o distribución;4.26
2008;TOTAL SERVICIOS;Total;Diseño, otros preparativos para producción y/o distribución;3.72
2007;TOTAL EMPRESAS;Menos de 250 empleados;Gastos totales (miles de euros);8079286
2007;TOTAL EMPRESAS;250 y más empleados;Gastos totales (miles de euros);10015330
2007;TOTAL EMPRESAS;Total;Gastos totales (miles de euros);18094616
2007;TOTAL EMPRESAS;Menos de 250 empleados;I+D interna;46.52
2007;TOTAL EMPRESAS;250 y más empleados;I+D interna;33.99
2007;TOTAL EMPRESAS;Total;I+D interna;39.58
2007;TOTAL EMPRESAS;Menos de 250 empleados;Adquisición de  I+D (I+D externa);13.4
2007;TOTAL EMPRESAS;250 y más empleados;Adquisición de  I+D (I+D externa);17.1
2007;TOTAL EMPRESAS;Total;Adquisición de  I+D (I+D externa);15.45
2007;TOTAL EMPRESAS;Menos de 250 empleados;Adquisición de maquinaria, equipos y hardware o software avanzados y edificios;30.45
2007;TOTAL EMPRESAS;250 y más empleados;Adquisición de maquinaria, equipos y hardware o software avanzados y edificios;32.43
2007;TOTAL EMPRESAS;Total;Adquisición de maquinaria, equipos y hardware o software avanzados y edificios;31.55
2007;TOTAL EMPRESAS;Menos de 250 empleados;Adquisición de otros conocimientos externos para innovación;1.4
2007;TOTAL EMPRESAS;250 y más empleados;Adquisición de otros conocimientos externos para innovación;8.06
2007;TOTAL EMPRESAS;Total;Adquisición de otros conocimientos externos para innovación;5.09
2007;TOTAL EMPRESAS;Menos de 250 empleados;Formación para actividades de innovación;0.87
2007;TOTAL EMPRESAS;250 y más empleados;Formación para actividades de innovación;0.75
2007;TOTAL EMPRESAS;Total;Formación para actividades de innovación;0.8
2007;TOTAL EMPRESAS;Menos de 250 empleados;Introducción de innovaciones en el mercado;5.2
2007;TOTAL EMPRESAS;250 y más empleados;Introducción de innovaciones en el mercado;4.18
2007;TOTAL EMPRESAS;Total;Introducción de innovaciones en el mercado;4.64
2007;TOTAL EMPRESAS;Menos de 250 empleados;Diseño, otros preparativos para producción y/o distribución;2.16
2007;TOTAL EMPRESAS;250 y más empleados;Diseño, otros preparativos para producción y/o distribución;3.49
2007;TOTAL EMPRESAS;Total;Diseño, otros preparativos para producción y/o distribución;2.89
2007;TOTAL INDUSTRIA;Menos de 250 empleados;Gastos totales (miles de euros);3757803
2007;TOTAL INDUSTRIA;250 y más empleados;Gastos totales (miles de euros);4840472
2007;TOTAL INDUSTRIA;Total;Gastos totales (miles de euros);8598275
2007;TOTAL INDUSTRIA;Menos de 250 empleados;I+D interna;41.2
2007;TOTAL INDUSTRIA;250 y más empleados;I+D interna;40.91
2007;TOTAL INDUSTRIA;Total;I+D interna;41.03
2007;TOTAL INDUSTRIA;Menos de 250 empleados;Adquisición de  I+D (I+D externa);11.03
2007;TOTAL INDUSTRIA;250 y más empleados;Adquisición de  I+D (I+D externa);20.16
2007;TOTAL INDUSTRIA;Total;Adquisición de  I+D (I+D externa);16.17
2007;TOTAL INDUSTRIA;Menos de 250 empleados;Adquisición de maquinaria, equipos y hardware o software avanzados y edificios;38.92
2007;TOTAL INDUSTRIA;250 y más empleados;Adquisición de maquinaria, equipos y hardware o software avanzados y edificios;19.43
2007;TOTAL INDUSTRIA;Total;Adquisición de maquinaria, equipos y hardware o software avanzados y edificios;27.95
2007;TOTAL INDUSTRIA;Menos de 250 empleados;Adquisición de otros conocimientos externos para innovación;0.49
2007;TOTAL INDUSTRIA;250 y más empleados;Adquisición de otros conocimientos externos para innovación;11.71
2007;TOTAL INDUSTRIA;Total;Adquisición de otros conocimientos externos para innovación;6.81
2007;TOTAL INDUSTRIA;Menos de 250 empleados;Formación para actividades de innovación;0.53
2007;TOTAL INDUSTRIA;250 y más empleados;Formación para actividades de innovación;0.44
2007;TOTAL INDUSTRIA;Total;Formación para actividades de innovación;0.48
2007;TOTAL INDUSTRIA;Menos de 250 empleados;Introducción de innovaciones en el mercado;5.12
2007;TOTAL INDUSTRIA;250 y más empleados;Introducción de innovaciones en el mercado;4.21
2007;TOTAL INDUSTRIA;Total;Introducción de innovaciones en el mercado;4.61
2007;TOTAL INDUSTRIA;Menos de 250 empleados;Diseño, otros preparativos para producción y/o distribución;2.71
2007;TOTAL INDUSTRIA;250 y más empleados;Diseño, otros preparativos para producción y/o distribución;3.14
2007;TOTAL INDUSTRIA;Total;Diseño, otros preparativos para producción y/o distribución;2.95
2007;TOTAL SERVICIOS;Menos de 250 empleados;Gastos totales (miles de euros);3703052
2007;TOTAL SERVICIOS;250 y más empleados;Gastos totales (miles de euros);5032306
2007;TOTAL SERVICIOS;Total;Gastos totales (miles de euros);8735358
2007;TOTAL SERVICIOS;Menos de 250 empleados;I+D interna;51.93
2007;TOTAL SERVICIOS;250 y más empleados;I+D interna;26.4
2007;TOTAL SERVICIOS;Total;I+D interna;37.22
2007;TOTAL SERVICIOS;Menos de 250 empleados;Adquisición de  I+D (I+D externa);15.2
2007;TOTAL SERVICIOS;250 y más empleados;Adquisición de  I+D (I+D externa);14.36
2007;TOTAL SERVICIOS;Total;Adquisición de  I+D (I+D externa);14.71
2007;TOTAL SERVICIOS;Menos de 250 empleados;Adquisición de maquinaria, equipos y hardware o software avanzados y edificios;21.85
2007;TOTAL SERVICIOS;250 y más empleados;Adquisición de maquinaria, equipos y hardware o software avanzados y edificios;45.35
2007;TOTAL SERVICIOS;Total;Adquisición de maquinaria, equipos y hardware o software avanzados y edificios;35.39
2007;TOTAL SERVICIOS;Menos de 250 empleados;Adquisición de otros conocimientos externos para innovación;2.47
2007;TOTAL SERVICIOS;250 y más empleados;Adquisición de otros conocimientos externos para innovación;4.77
2007;TOTAL SERVICIOS;Total;Adquisición de otros conocimientos externos para innovación;3.79
2007;TOTAL SERVICIOS;Menos de 250 empleados;Formación para actividades de innovación;1.17
2007;TOTAL SERVICIOS;250 y más empleados;Formación para actividades de innovación;1.03
2007;TOTAL SERVICIOS;Total;Formación para actividades de innovación;1.09
2007;TOTAL SERVICIOS;Menos de 250 empleados;Introducción de innovaciones en el mercado;5.54
2007;TOTAL SERVICIOS;250 y más empleados;Introducción de innovaciones en el mercado;4.22
2007;TOTAL SERVICIOS;Total;Introducción de innovaciones en el mercado;4.78
2007;TOTAL SERVICIOS;Menos de 250 empleados;Diseño, otros preparativos para producción y/o distribución;1.85
2007;TOTAL SERVICIOS;250 y más empleados;Diseño, otros preparativos para producción y/o distribución;3.87
2007;TOTAL SERVICIOS;Total;Diseño, otros preparativos para producción y/o distribución;3.01
2006;TOTAL EMPRESAS;Menos de 250 empleados;Gastos totales (miles de euros);6603555
2006;TOTAL EMPRESAS;250 y más empleados;Gastos totales (miles de euros);9929861
2006;TOTAL EMPRESAS;Total;Gastos totales (miles de euros);16533416
2006;TOTAL EMPRESAS;Menos de 250 empleados;I+D interna;46.01
2006;TOTAL EMPRESAS;250 y más empleados;I+D interna;33.79
2006;TOTAL EMPRESAS;Total;I+D interna;38.67
2006;TOTAL EMPRESAS;Menos de 250 empleados;Adquisición de  I+D (I+D externa);13.34
2006;TOTAL EMPRESAS;250 y más empleados;Adquisición de  I+D (I+D externa);16.22
2006;TOTAL EMPRESAS;Total;Adquisición de  I+D (I+D externa);15.07
2006;TOTAL EMPRESAS;Menos de 250 empleados;Adquisición de maquinaria, equipos y hardware o software avanzados y edificios;30.89
2006;TOTAL EMPRESAS;250 y más empleados;Adquisición de maquinaria, equipos y hardware o software avanzados y edificios;32
2006;TOTAL EMPRESAS;Total;Adquisición de maquinaria, equipos y hardware o software avanzados y edificios;31.56
2006;TOTAL EMPRESAS;Menos de 250 empleados;Adquisición de otros conocimientos externos para innovación;1.16
2006;TOTAL EMPRESAS;250 y más empleados;Adquisición de otros conocimientos externos para innovación;8.46
2006;TOTAL EMPRESAS;Total;Adquisición de otros conocimientos externos para innovación;5.54
2006;TOTAL EMPRESAS;Menos de 250 empleados;Formación para actividades de innovación;0.81
2006;TOTAL EMPRESAS;250 y más empleados;Formación para actividades de innovación;1.03
2006;TOTAL EMPRESAS;Total;Formación para actividades de innovación;0.94
2006;TOTAL EMPRESAS;Menos de 250 empleados;Introducción de innovaciones en el mercado;5.83
2006;TOTAL EMPRESAS;250 y más empleados;Introducción de innovaciones en el mercado;5.49
2006;TOTAL EMPRESAS;Total;Introducción de innovaciones en el mercado;5.63
2006;TOTAL EMPRESAS;Menos de 250 empleados;Diseño, otros preparativos para producción y/o distribución;1.97
2006;TOTAL EMPRESAS;250 y más empleados;Diseño, otros preparativos para producción y/o distribución;3.01
2006;TOTAL EMPRESAS;Total;Diseño, otros preparativos para producción y/o distribución;2.59
2006;TOTAL INDUSTRIA;Menos de 250 empleados;Gastos totales (miles de euros);3027874
2006;TOTAL INDUSTRIA;250 y más empleados;Gastos totales (miles de euros);5080398
2006;TOTAL INDUSTRIA;Total;Gastos totales (miles de euros);8108272
2006;TOTAL INDUSTRIA;Menos de 250 empleados;I+D interna;40.51
2006;TOTAL INDUSTRIA;250 y más empleados;I+D interna;42.48
2006;TOTAL INDUSTRIA;Total;I+D interna;41.74
2006;TOTAL INDUSTRIA;Menos de 250 empleados;Adquisición de  I+D (I+D externa);11.37
2006;TOTAL INDUSTRIA;250 y más empleados;Adquisición de  I+D (I+D externa);18.52
2006;TOTAL INDUSTRIA;Total;Adquisición de  I+D (I+D externa);15.85
2006;TOTAL INDUSTRIA;Menos de 250 empleados;Adquisición de maquinaria, equipos y hardware o software avanzados y edificios;41.3
2006;TOTAL INDUSTRIA;250 y más empleados;Adquisición de maquinaria, equipos y hardware o software avanzados y edificios;18.45
2006;TOTAL INDUSTRIA;Total;Adquisición de maquinaria, equipos y hardware o software avanzados y edificios;26.98
2006;TOTAL INDUSTRIA;Menos de 250 empleados;Adquisición de otros conocimientos externos para innovación;0.77
2006;TOTAL INDUSTRIA;250 y más empleados;Adquisición de otros conocimientos externos para innovación;10.94
2006;TOTAL INDUSTRIA;Total;Adquisición de otros conocimientos externos para innovación;7.14
2006;TOTAL INDUSTRIA;Menos de 250 empleados;Formación para actividades de innovación;0.6
2006;TOTAL INDUSTRIA;250 y más empleados;Formación para actividades de innovación;0.42
2006;TOTAL INDUSTRIA;Total;Formación para actividades de innovación;0.49
2006;TOTAL INDUSTRIA;Menos de 250 empleados;Introducción de innovaciones en el mercado;3.32
2006;TOTAL INDUSTRIA;250 y más empleados;Introducción de innovaciones en el mercado;6.25
2006;TOTAL INDUSTRIA;Total;Introducción de innovaciones en el mercado;5.16
2006;TOTAL INDUSTRIA;Menos de 250 empleados;Diseño, otros preparativos para producción y/o distribución;2.12
2006;TOTAL INDUSTRIA;250 y más empleados;Diseño, otros preparativos para producción y/o distribución;2.95
2006;TOTAL INDUSTRIA;Total;Diseño, otros preparativos para producción y/o distribución;2.64
2006;TOTAL SERVICIOS;Menos de 250 empleados;Gastos totales (miles de euros);3134902
2006;TOTAL SERVICIOS;250 y más empleados;Gastos totales (miles de euros);4731631
2006;TOTAL SERVICIOS;Total;Gastos totales (miles de euros);7866533
2006;TOTAL SERVICIOS;Menos de 250 empleados;I+D interna;52.97
2006;TOTAL SERVICIOS;250 y más empleados;I+D interna;23.85
2006;TOTAL SERVICIOS;Total;I+D interna;35.45
2006;TOTAL SERVICIOS;Menos de 250 empleados;Adquisición de  I+D (I+D externa);14.64
2006;TOTAL SERVICIOS;250 y más empleados;Adquisición de  I+D (I+D externa);13.94
2006;TOTAL SERVICIOS;Total;Adquisición de  I+D (I+D externa);14.22
2006;TOTAL SERVICIOS;Menos de 250 empleados;Adquisición de maquinaria, equipos y hardware o software avanzados y edificios;19.2
2006;TOTAL SERVICIOS;250 y más empleados;Adquisición de maquinaria, equipos y hardware o software avanzados y edificios;46.67
2006;TOTAL SERVICIOS;Total;Adquisición de maquinaria, equipos y hardware o software avanzados y edificios;35.72
2006;TOTAL SERVICIOS;Menos de 250 empleados;Adquisición de otros conocimientos externos para innovación;1.46
2006;TOTAL SERVICIOS;250 y más empleados;Adquisición de otros conocimientos externos para innovación;5.99
2006;TOTAL SERVICIOS;Total;Adquisición de otros conocimientos externos para innovación;4.19
2006;TOTAL SERVICIOS;Menos de 250 empleados;Formación para actividades de innovación;1.05
2006;TOTAL SERVICIOS;250 y más empleados;Formación para actividades de innovación;1.69
2006;TOTAL SERVICIOS;Total;Formación para actividades de innovación;1.43
2006;TOTAL SERVICIOS;Menos de 250 empleados;Introducción de innovaciones en el mercado;8.75
2006;TOTAL SERVICIOS;250 y más empleados;Introducción de innovaciones en el mercado;4.78
2006;TOTAL SERVICIOS;Total;Introducción de innovaciones en el mercado;6.36
2006;TOTAL SERVICIOS;Menos de 250 empleados;Diseño, otros preparativos para producción y/o distribución;1.91
2006;TOTAL SERVICIOS;250 y más empleados;Diseño, otros preparativos para producción y/o distribución;3.08
2006;TOTAL SERVICIOS;Total;Diseño, otros preparativos para producción y/o distribución;2.62
2005;TOTAL EMPRESAS;Menos de 250 empleados;Gastos totales (miles de euros);5502355
2005;TOTAL EMPRESAS;250 y más empleados;Gastos totales (miles de euros);8133595
2005;TOTAL EMPRESAS;Total;Gastos totales (miles de euros);13635950
2005;TOTAL EMPRESAS;Menos de 250 empleados;I+D interna;41.97
2005;TOTAL EMPRESAS;250 y más empleados;I+D interna;36.88
2005;TOTAL EMPRESAS;Total;I+D interna;38.93
2005;TOTAL EMPRESAS;Menos de 250 empleados;Adquisición de  I+D (I+D externa);13.48
2005;TOTAL EMPRESAS;250 y más empleados;Adquisición de  I+D (I+D externa);19.85
2005;TOTAL EMPRESAS;Total;Adquisición de  I+D (I+D externa);17.28
2005;TOTAL EMPRESAS;Menos de 250 empleados;Adquisición de maquinaria, equipos y hardware o software avanzados y edificios;35.7
2005;TOTAL EMPRESAS;250 y más empleados;Adquisición de maquinaria, equipos y hardware o software avanzados y edificios;26.75
2005;TOTAL EMPRESAS;Total;Adquisición de maquinaria, equipos y hardware o software avanzados y edificios;30.37
2005;TOTAL EMPRESAS;Menos de 250 empleados;Adquisición de otros conocimientos externos para innovación;0.9
2005;TOTAL EMPRESAS;250 y más empleados;Adquisición de otros conocimientos externos para innovación;5.76
2005;TOTAL EMPRESAS;Total;Adquisición de otros conocimientos externos para innovación;3.8
2005;TOTAL EMPRESAS;Menos de 250 empleados;Formación para actividades de innovación;0.94
2005;TOTAL EMPRESAS;250 y más empleados;Formación para actividades de innovación;0.66
2005;TOTAL EMPRESAS;Total;Formación para actividades de innovación;0.77
2005;TOTAL EMPRESAS;Menos de 250 empleados;Introducción de innovaciones en el mercado;5.41
2005;TOTAL EMPRESAS;250 y más empleados;Introducción de innovaciones en el mercado;6.09
2005;TOTAL EMPRESAS;Total;Introducción de innovaciones en el mercado;5.82
2005;TOTAL EMPRESAS;Menos de 250 empleados;Diseño, otros preparativos para producción y/o distribución;1.59
2005;TOTAL EMPRESAS;250 y más empleados;Diseño, otros preparativos para producción y/o distribución;4
2005;TOTAL EMPRESAS;Total;Diseño, otros preparativos para producción y/o distribución;3.03
2005;TOTAL INDUSTRIA;Menos de 250 empleados;Gastos totales (miles de euros);2815479
2005;TOTAL INDUSTRIA;250 y más empleados;Gastos totales (miles de euros);4860187
2005;TOTAL INDUSTRIA;Total;Gastos totales (miles de euros);7675666
2005;TOTAL INDUSTRIA;Menos de 250 empleados;I+D interna;39.8
2005;TOTAL INDUSTRIA;250 y más empleados;I+D interna;38.57
2005;TOTAL INDUSTRIA;Total;I+D interna;39.02
2005;TOTAL INDUSTRIA;Menos de 250 empleados;Adquisición de  I+D (I+D externa);12.51
2005;TOTAL INDUSTRIA;250 y más empleados;Adquisición de  I+D (I+D externa);23.99
2005;TOTAL INDUSTRIA;Total;Adquisición de  I+D (I+D externa);19.78
2005;TOTAL INDUSTRIA;Menos de 250 empleados;Adquisición de maquinaria, equipos y hardware o software avanzados y edificios;39.38
2005;TOTAL INDUSTRIA;250 y más empleados;Adquisición de maquinaria, equipos y hardware o software avanzados y edificios;21.14
2005;TOTAL INDUSTRIA;Total;Adquisición de maquinaria, equipos y hardware o software avanzados y edificios;27.83
2005;TOTAL INDUSTRIA;Menos de 250 empleados;Adquisición de otros conocimientos externos para innovación;0.9
2005;TOTAL INDUSTRIA;250 y más empleados;Adquisición de otros conocimientos externos para innovación;5.85
2005;TOTAL INDUSTRIA;Total;Adquisición de otros conocimientos externos para innovación;4.03
2005;TOTAL INDUSTRIA;Menos de 250 empleados;Formación para actividades de innovación;0.47
2005;TOTAL INDUSTRIA;250 y más empleados;Formación para actividades de innovación;0.47
2005;TOTAL INDUSTRIA;Total;Formación para actividades de innovación;0.47
2005;TOTAL INDUSTRIA;Menos de 250 empleados;Introducción de innovaciones en el mercado;5.13
2005;TOTAL INDUSTRIA;250 y más empleados;Introducción de innovaciones en el mercado;7.06
2005;TOTAL INDUSTRIA;Total;Introducción de innovaciones en el mercado;6.35
2005;TOTAL INDUSTRIA;Menos de 250 empleados;Diseño, otros preparativos para producción y/o distribución;1.81
2005;TOTAL INDUSTRIA;250 y más empleados;Diseño, otros preparativos para producción y/o distribución;2.91
2005;TOTAL INDUSTRIA;Total;Diseño, otros preparativos para producción y/o distribución;2.5
2005;TOTAL SERVICIOS;Menos de 250 empleados;Gastos totales (miles de euros);2368871
2005;TOTAL SERVICIOS;250 y más empleados;Gastos totales (miles de euros);3195232
2005;TOTAL SERVICIOS;Total;Gastos totales (miles de euros);5564103
2005;TOTAL SERVICIOS;Menos de 250 empleados;I+D interna;47.26
2005;TOTAL SERVICIOS;250 y más empleados;I+D interna;33.75
2005;TOTAL SERVICIOS;Total;I+D interna;39.5
2005;TOTAL SERVICIOS;Menos de 250 empleados;Adquisición de  I+D (I+D externa);12.97
2005;TOTAL SERVICIOS;250 y más empleados;Adquisición de  I+D (I+D externa);13.66
2005;TOTAL SERVICIOS;Total;Adquisición de  I+D (I+D externa);13.37
2005;TOTAL SERVICIOS;Menos de 250 empleados;Adquisición de maquinaria, equipos y hardware o software avanzados y edificios;29.45
2005;TOTAL SERVICIOS;250 y más empleados;Adquisición de maquinaria, equipos y hardware o software avanzados y edificios;35.57
2005;TOTAL SERVICIOS;Total;Adquisición de maquinaria, equipos y hardware o software avanzados y edificios;32.96
2005;TOTAL SERVICIOS;Menos de 250 empleados;Adquisición de otros conocimientos externos para innovación;1.02
2005;TOTAL SERVICIOS;250 y más empleados;Adquisición de otros conocimientos externos para innovación;5.75
2005;TOTAL SERVICIOS;Total;Adquisición de otros conocimientos externos para innovación;3.74
2005;TOTAL SERVICIOS;Menos de 250 empleados;Formación para actividades de innovación;1.52
2005;TOTAL SERVICIOS;250 y más empleados;Formación para actividades de innovación;0.95
2005;TOTAL SERVICIOS;Total;Formación para actividades de innovación;1.19
2005;TOTAL SERVICIOS;Menos de 250 empleados;Introducción de innovaciones en el mercado;6.3
2005;TOTAL SERVICIOS;250 y más empleados;Introducción de innovaciones en el mercado;4.7
2005;TOTAL SERVICIOS;Total;Introducción de innovaciones en el mercado;5.38
2005;TOTAL SERVICIOS;Menos de 250 empleados;Diseño, otros preparativos para producción y/o distribución;1.48
2005;TOTAL SERVICIOS;250 y más empleados;Diseño, otros preparativos para producción y/o distribución;5.62
2005;TOTAL SERVICIOS;Total;Diseño, otros preparativos para producción y/o distribución;3.86
2004;TOTAL EMPRESAS;Menos de 250 empleados;Gastos totales (miles de euros);5569910
2004;TOTAL EMPRESAS;250 y más empleados;Gastos totales (miles de euros);6920903
2004;TOTAL EMPRESAS;Total;Gastos totales (miles de euros);12490813
2004;TOTAL EMPRESAS;Menos de 250 empleados;I+D interna;36.87
2004;TOTAL EMPRESAS;250 y más empleados;I+D interna;38.8
2004;TOTAL EMPRESAS;Total;I+D interna;37.94
2004;TOTAL EMPRESAS;Menos de 250 empleados;Adquisición de  I+D (I+D externa);14.69
2004;TOTAL EMPRESAS;250 y más empleados;Adquisición de  I+D (I+D externa);21.75
2004;TOTAL EMPRESAS;Total;Adquisición de  I+D (I+D externa);18.6
2004;TOTAL EMPRESAS;Menos de 250 empleados;Adquisición de maquinaria, equipos y hardware o software avanzados y edificios;41.53
2004;TOTAL EMPRESAS;250 y más empleados;Adquisición de maquinaria, equipos y hardware o software avanzados y edificios;26.24
2004;TOTAL EMPRESAS;Total;Adquisición de maquinaria, equipos y hardware o software avanzados y edificios;33.06
2004;TOTAL EMPRESAS;Menos de 250 empleados;Adquisición de otros conocimientos externos para innovación;1.03
2004;TOTAL EMPRESAS;250 y más empleados;Adquisición de otros conocimientos externos para innovación;5.87
2004;TOTAL EMPRESAS;Total;Adquisición de otros conocimientos externos para innovación;3.71
2004;TOTAL EMPRESAS;Menos de 250 empleados;Formación para actividades de innovación;0.65
2004;TOTAL EMPRESAS;250 y más empleados;Formación para actividades de innovación;0.97
2004;TOTAL EMPRESAS;Total;Formación para actividades de innovación;0.83
2004;TOTAL EMPRESAS;Menos de 250 empleados;Introducción de innovaciones en el mercado;2.49
2004;TOTAL EMPRESAS;250 y más empleados;Introducción de innovaciones en el mercado;2.64
2004;TOTAL EMPRESAS;Total;Introducción de innovaciones en el mercado;2.57
2004;TOTAL EMPRESAS;Menos de 250 empleados;Diseño, otros preparativos para producción y/o distribución;2.74
2004;TOTAL EMPRESAS;250 y más empleados;Diseño, otros preparativos para producción y/o distribución;3.72
2004;TOTAL EMPRESAS;Total;Diseño, otros preparativos para producción y/o distribución;3.28
2004;TOTAL INDUSTRIA;Menos de 250 empleados;Gastos totales (miles de euros);2864248
2004;TOTAL INDUSTRIA;250 y más empleados;Gastos totales (miles de euros);4055447
2004;TOTAL INDUSTRIA;Total;Gastos totales (miles de euros);6919695
2004;TOTAL INDUSTRIA;Menos de 250 empleados;I+D interna;34.19
2004;TOTAL INDUSTRIA;250 y más empleados;I+D interna;43.96
2004;TOTAL INDUSTRIA;Total;I+D interna;39.92
2004;TOTAL INDUSTRIA;Menos de 250 empleados;Adquisición de  I+D (I+D externa);12.72
2004;TOTAL INDUSTRIA;250 y más empleados;Adquisición de  I+D (I+D externa);24.16
2004;TOTAL INDUSTRIA;Total;Adquisición de  I+D (I+D externa);19.42
2004;TOTAL INDUSTRIA;Menos de 250 empleados;Adquisición de maquinaria, equipos y hardware o software avanzados y edificios;43.47
2004;TOTAL INDUSTRIA;250 y más empleados;Adquisición de maquinaria, equipos y hardware o software avanzados y edificios;19.79
2004;TOTAL INDUSTRIA;Total;Adquisición de maquinaria, equipos y hardware o software avanzados y edificios;29.59
2004;TOTAL INDUSTRIA;Menos de 250 empleados;Adquisición de otros conocimientos externos para innovación;0.8
2004;TOTAL INDUSTRIA;250 y más empleados;Adquisición de otros conocimientos externos para innovación;4.4
2004;TOTAL INDUSTRIA;Total;Adquisición de otros conocimientos externos para innovación;2.91
2004;TOTAL INDUSTRIA;Menos de 250 empleados;Formación para actividades de innovación;0.5
2004;TOTAL INDUSTRIA;250 y más empleados;Formación para actividades de innovación;0.59
2004;TOTAL INDUSTRIA;Total;Formación para actividades de innovación;0.55
2004;TOTAL INDUSTRIA;Menos de 250 empleados;Introducción de innovaciones en el mercado;3.56
2004;TOTAL INDUSTRIA;250 y más empleados;Introducción de innovaciones en el mercado;3.01
2004;TOTAL INDUSTRIA;Total;Introducción de innovaciones en el mercado;3.24
2004;TOTAL INDUSTRIA;Menos de 250 empleados;Diseño, otros preparativos para producción y/o distribución;4.77
2004;TOTAL INDUSTRIA;250 y más empleados;Diseño, otros preparativos para producción y/o distribución;4.09
2004;TOTAL INDUSTRIA;Total;Diseño, otros preparativos para producción y/o distribución;4.37
2004;TOTAL SERVICIOS;Menos de 250 empleados;Gastos totales (miles de euros);2150816
2004;TOTAL SERVICIOS;250 y más empleados;Gastos totales (miles de euros);2705178
2004;TOTAL SERVICIOS;Total;Gastos totales (miles de euros);4855994
2004;TOTAL SERVICIOS;Menos de 250 empleados;I+D interna;48.61
2004;TOTAL SERVICIOS;250 y más empleados;I+D interna;31.9
2004;TOTAL SERVICIOS;Total;I+D interna;39.3
2004;TOTAL SERVICIOS;Menos de 250 empleados;Adquisición de  I+D (I+D externa);11.62
2004;TOTAL SERVICIOS;250 y más empleados;Adquisición de  I+D (I+D externa);19.06
2004;TOTAL SERVICIOS;Total;Adquisición de  I+D (I+D externa);15.76
2004;TOTAL SERVICIOS;Menos de 250 empleados;Adquisición de maquinaria, equipos y hardware o software avanzados y edificios;35.14
2004;TOTAL SERVICIOS;250 y más empleados;Adquisición de maquinaria, equipos y hardware o software avanzados y edificios;33.74
2004;TOTAL SERVICIOS;Total;Adquisición de maquinaria, equipos y hardware o software avanzados y edificios;34.36
2004;TOTAL SERVICIOS;Menos de 250 empleados;Adquisición de otros conocimientos externos para innovación;1.32
2004;TOTAL SERVICIOS;250 y más empleados;Adquisición de otros conocimientos externos para innovación;8.22
2004;TOTAL SERVICIOS;Total;Adquisición de otros conocimientos externos para innovación;5.16
2004;TOTAL SERVICIOS;Menos de 250 empleados;Formación para actividades de innovación;0.97
2004;TOTAL SERVICIOS;250 y más empleados;Formación para actividades de innovación;1.57
2004;TOTAL SERVICIOS;Total;Formación para actividades de innovación;1.31
2004;TOTAL SERVICIOS;Menos de 250 empleados;Introducción de innovaciones en el mercado;1.68
2004;TOTAL SERVICIOS;250 y más empleados;Introducción de innovaciones en el mercado;2.23
2004;TOTAL SERVICIOS;Total;Introducción de innovaciones en el mercado;1.99
2004;TOTAL SERVICIOS;Menos de 250 empleados;Diseño, otros preparativos para producción y/o distribución;0.66
2004;TOTAL SERVICIOS;250 y más empleados;Diseño, otros preparativos para producción y/o distribución;3.28
2004;TOTAL SERVICIOS;Total;Diseño, otros preparativos para producción y/o distribución;2.12
